-1.282198131084442139e-01,1.021865457296371460e-01,6.463812291622161865e-02,-2.783143892884254456e-03,-9.287918359041213989e-02,-8.452422916889190674e-02,-5.297738313674926758e-02,-1.058901473879814148e-01,1.822170317173004150e-01,-1.061954349279403687e-01,2.778527736663818359e-01,1.058844849467277527e-03,-1.719454377889633179e-01,-9.480718523263931274e-02,-2.337503433227539062e-02,1.288593113422393799e-01,-7.799416780471801758e-02,-1.042661368846893311e-01,-5.463666841387748718e-02,-8.024315536022186279e-02,5.773171037435531616e-02,-3.562179580330848694e-02,3.545745089650154114e-02,6.864212453365325928e-02,-1.481984406709671021e-01,-3.504451215267181396e-01,-8.364396542310714722e-02,-9.657291322946548462e-02,1.832781881093978882e-01,-4.208205640316009521e-02,-2.663437277078628540e-02,5.127290263772010803e-02,-1.179362982511520386e-01,-4.565560817718505859e-02,6.831711158156394958e-03,1.049053221940994263e-01,-6.705980282276868820e-03,3.283405676484107971e-04,2.316757887601852417e-01,-6.331679970026016235e-02,-1.999777257442474365e-01,2.771016582846641541e-02,4.113280773162841797e-02,2.696790397167205811e-01,1.581555604934692383e-01,7.139532268047332764e-02,1.397858709096908569e-01,-2.761208638548851013e-02,1.861113160848617554e-01,-1.852910965681076050e-01,1.091299951076507568e-01,6.903468817472457886e-02,1.847992539405822754e-01,1.915621943771839142e-02,1.215747669339179993e-01,-1.996739953756332397e-01,-1.814438402652740479e-02,1.480330377817153931e-01,-2.248055487871170044e-01,1.192204207181930542e-01,4.982011020183563232e-02,-4.352792352437973022e-02,-3.578945994377136230e-02,2.188784535974264145e-03,2.575817704200744629e-01,1.389214545488357544e-01,-9.746225923299789429e-02,-1.096132099628448486e-01,2.642715275287628174e-01,-1.777486056089401245e-01,5.536826327443122864e-02,1.072564274072647095e-01,-1.117017343640327454e-01,-1.097469553351402283e-01,-2.406727075576782227e-01,5.420251563191413879e-02,4.336954951286315918e-01,1.282082349061965942e-01,-9.110669046640396118e-02,6.080872192978858948e-02,-2.301605045795440674e-02,-9.349444881081581116e-03,9.336476214230060577e-03,2.779657021164894104e-02,-1.460002362728118896e-01,-1.086071506142616272e-02,-1.163338720798492432e-01,1.953306980431079865e-02,1.947983056306838989e-01,1.629364863038063049e-02,2.228588238358497620e-02,2.173573225736618042e-01,4.860522598028182983e-02,4.997392743825912476e-02,-2.756649628281593323e-03,2.119904570281505585e-02,-1.623943448066711426e-01,-3.221287205815315247e-02,-3.946834802627563477e-02,-1.987688429653644562e-02,4.877720773220062256e-02,-9.249541163444519043e-02,8.834393322467803955e-02,5.608288198709487915e-02,-1.969934701919555664e-01,1.610463857650756836e-01,-6.239463761448860168e-02,9.075616300106048584e-02,1.018039695918560028e-02,1.439987868070602417e-01,-5.354932323098182678e-02,-5.292869359254837036e-02,1.135518774390220642e-01,-2.189118415117263794e-01,2.004470527172088623e-01,1.123419031500816345e-01,5.615786463022232056e-02,1.289445012807846069e-01,6.068380922079086304e-02,4.954987019300460815e-02,5.808069556951522827e-02,-2.232520096004009247e-02,-1.035504043102264404e-01,-6.880290806293487549e-02,7.399292662739753723e-04,-1.485750675201416016e-01,8.097209781408309937e-02,9.648044407367706299e-02
-1.250690519809722900e-01,1.031960323452949524e-01,5.748148262500762939e-02,8.633354678750038147e-03,-9.039230644702911377e-02,-6.632819026708602905e-02,-4.957543313503265381e-02,-9.700397402048110962e-02,1.972505599260330200e-01,-1.085397452116012573e-01,2.631487250328063965e-01,4.595808684825897217e-03,-1.809309273958206177e-01,-8.871850371360778809e-02,-3.061545640230178833e-02,1.244827061891555786e-01,-7.684645056724548340e-02,-1.145269796252250671e-01,-5.394351482391357422e-02,-6.180646270513534546e-02,5.601673200726509094e-02,-4.626539349555969238e-02,2.264365181326866150e-02,7.577945291996002197e-02,-1.585625112056732178e-01,-3.409011662006378174e-01,-7.906791567802429199e-02,-9.182178974151611328e-02,1.699937283992767334e-01,-4.999469593167304993e-02,-4.357087612152099609e-02,5.682834237813949585e-02,-1.255761682987213135e-01,-4.449335485696792603e-02,2.344651147723197937e-03,1.175423413515090942e-01,8.655888959765434265e-04,4.331720992922782898e-03,2.282598018646240234e-01,-5.794411897659301758e-02,-2.007057219743728638e-01,2.699689380824565887e-02,2.763967774808406830e-02,2.710715532302856445e-01,1.556251794099807739e-01,7.183033227920532227e-02,1.267404854297637939e-01,-1.600672304630279541e-02,1.985035836696624756e-01,-2.049275934696197510e-01,1.088927239179611206e-01,6.862773746252059937e-02,2.003970146179199219e-01,1.902525685727596283e-02,1.114618629217147827e-01,-2.230840325355529785e-01,-2.605597674846649170e-02,1.507131606340408325e-01,-2.110470980405807495e-01,1.291113495826721191e-01,3.628812730312347412e-02,-6.235244125127792358e-02,-3.091057203710079193e-02,-9.562358027324080467e-04,2.523903846740722656e-01,1.457640528678894043e-01,-9.051908552646636963e-02,-1.138743907213211060e-01,2.683224380016326904e-01,-1.788708865642547607e-01,6.828273087739944458e-02,1.117625087499618530e-01,-1.043433845043182373e-01,-1.140262782573699951e-01,-2.403323799371719360e-01,5.147046595811843872e-02,4.323922395706176758e-01,1.441513597965240479e-01,-1.035975590348243713e-01,5.154575034976005554e-02,-3.206059336662292480e-02,6.028635427355766296e-03,1.739808474667370319e-03,2.393459528684616089e-02,-1.443526744842529297e-01,-4.178825765848159790e-03,-1.352742761373519897e-01,9.754192084074020386e-03,2.058443427085876465e-01,2.021936327219009399e-02,1.923787780106067657e-02,2.154952585697174072e-01,4.852177947759628296e-02,5.962779745459556580e-02,-5.042790435254573822e-03,-1.715949038043618202e-03,-1.605030894279479980e-01,-3.977796807885169983e-02,-4.345107078552246094e-02,-2.063043974339962006e-02,3.447001054883003235e-02,-9.091758728027343750e-02,8.257307857275009155e-02,5.963381007313728333e-02,-1.908573508262634277e-01,1.524797528982162476e-01,-6.358148902654647827e-02,9.484336525201797485e-02,8.039863780140876770e-03,1.494144201278686523e-01,-6.223706901073455811e-02,-5.242669954895973206e-02,1.204595491290092468e-01,-2.243207544088363647e-01,1.956903487443923950e-01,1.046115979552268982e-01,5.449693650007247925e-02,1.325310170650482178e-01,6.117662042379379272e-02,5.712254345417022705e-02,5.483031272888183594e-02,-1.960961148142814636e-02,-1.055411249399185181e-01,-7.020981609821319580e-02,7.021573837846517563e-03,-1.513059288263320923e-01,8.289019763469696045e-02,9.473774582147598267e-02
-1.292835921049118042e-01,7.589077949523925781e-02,5.918700248003005981e-02,1.181454677134752274e-02,-7.478207349777221680e-02,-7.611912488937377930e-02,-4.309265315532684326e-02,-1.091103553771972656e-01,1.893198788166046143e-01,-1.040461510419845581e-01,2.672143578529357910e-01,1.672363281250000000e-02,-1.910115182399749756e-01,-1.034592539072036743e-01,-2.769720740616321564e-02,1.294017434120178223e-01,-8.462581783533096313e-02,-1.097017377614974976e-01,-4.933114349842071533e-02,-6.710342317819595337e-02,7.582706958055496216e-02,-4.159927368164062500e-02,3.818817436695098877e-02,7.732873409986495972e-02,-1.660809814929962158e-01,-3.285783529281616211e-01,-8.003135025501251221e-02,-1.067433953285217285e-01,1.684767007827758789e-01,-5.393819510936737061e-02,-3.364652022719383240e-02,6.573966890573501587e-02,-1.242769062519073486e-01,-3.017126396298408508e-02,3.076802939176559448e-03,1.128099486231803894e-01,3.584128618240356445e-02,1.010038703680038452e-02,2.374844551086425781e-01,-5.128514021635055542e-02,-2.016259431838989258e-01,2.859637513756752014e-02,2.331458404660224915e-02,2.547379434108734131e-01,1.431546807289123535e-01,7.799603790044784546e-02,1.246220469474792480e-01,-1.885830983519554138e-02,1.995061635971069336e-01,-2.086040079593658447e-01,1.235332936048507690e-01,6.191403418779373169e-02,1.850865334272384644e-01,1.019701082259416580e-02,1.131813004612922668e-01,-2.389239519834518433e-01,-3.274682909250259399e-02,1.282155513763427734e-01,-2.169616818428039551e-01,1.308762729167938232e-01,4.182581230998039246e-02,-4.642178118228912354e-02,-3.217323124408721924e-02,-5.307296290993690491e-03,2.388126999139785767e-01,1.461494415998458862e-01,-1.004156246781349182e-01,-1.065346747636795044e-01,2.695312798023223877e-01,-1.776135265827178955e-01,6.426626443862915039e-02,1.113824546337127686e-01,-1.183942556381225586e-01,-1.020460277795791626e-01,-2.470075339078903198e-01,5.151805281639099121e-02,4.444668292999267578e-01,1.402446180582046509e-01,-1.143840104341506958e-01,3.962703049182891846e-02,-3.797276690602302551e-02,7.250250317156314850e-03,3.430565819144248962e-03,1.929540559649467468e-02,-1.335242837667465210e-01,4.406124353408813477e-03,-1.284948438405990601e-01,8.747080340981483459e-03,1.904985606670379639e-01,3.375609219074249268e-02,1.297175325453281403e-02,2.271386682987213135e-01,4.876887798309326172e-02,7.244630157947540283e-02,-5.656225606799125671e-03,6.377387326210737228e-03,-1.537145972251892090e-01,-4.975702241063117981e-02,-4.440867900848388672e-02,-1.916993595659732819e-02,2.348874136805534363e-02,-7.918964326381683350e-02,9.096072614192962646e-02,6.910918653011322021e-02,-1.777685880661010742e-01,1.526946276426315308e-01,-6.654957681894302368e-02,8.642954379320144653e-02,-3.359960392117500305e-04,1.744794249534606934e-01,-7.191794365644454956e-02,-5.240011960268020630e-02,1.056723818182945251e-01,-2.164816558361053467e-01,2.006981968879699707e-01,1.073860675096511841e-01,5.913587659597396851e-02,1.208103224635124207e-01,4.936040565371513367e-02,7.358810305595397949e-02,4.384746775031089783e-02,-9.915059432387351990e-03,-1.083480194211006165e-01,-7.510386407375335693e-02,9.998932480812072754e-03,-1.513157188892364502e-01,8.283891528844833374e-02,9.616968035697937012e-02
-1.321729123592376709e-01,8.131853491067886353e-02,5.250661075115203857e-02,1.080676261335611343e-02,-8.196150511503219604e-02,-7.433638721704483032e-02,-5.116590112447738647e-02,-1.091402694582939148e-01,1.913694292306900024e-01,-1.249201148748397827e-01,2.583753764629364014e-01,2.573034167289733887e-02,-1.952942609786987305e-01,-1.005369052290916443e-01,-2.197963371872901917e-02,1.294516921043395996e-01,-8.585017919540405273e-02,-1.163636744022369385e-01,-3.966566547751426697e-02,-5.114480480551719666e-02,7.899434119462966919e-02,-4.314937442541122437e-02,3.559102490544319153e-02,9.382183849811553955e-02,-1.470316350460052490e-01,-3.334225118160247803e-01,-8.547056466341018677e-02,-9.184609353542327881e-02,1.597047150135040283e-01,-6.608330458402633667e-02,-3.109357692301273346e-02,5.916042998433113098e-02,-1.255893558263778687e-01,-2.949647977948188782e-02,-6.891135126352310181e-03,1.159997805953025818e-01,3.501753881573677063e-02,9.350060485303401947e-03,2.374859303236007690e-01,-5.384190753102302551e-02,-2.165179252624511719e-01,2.592715807259082794e-02,2.467138692736625671e-02,2.568131089210510254e-01,1.447337120771408081e-01,8.313989639282226562e-02,1.167824417352676392e-01,-1.899835467338562012e-02,1.984601467847824097e-01,-2.121901512145996094e-01,1.263241469860076904e-01,6.309182196855545044e-02,1.849639415740966797e-01,8.299078792333602905e-03,1.100685298442840576e-01,-2.466644793748855591e-01,-3.812059387564659119e-02,1.352319568395614624e-01,-2.075226008892059326e-01,1.267671287059783936e-01,3.299225121736526489e-02,-4.991097748279571533e-02,-1.187096349895000458e-02,1.491207629442214966e-03,2.492241561412811279e-01,1.524457484483718872e-01,-1.046639904379844666e-01,-1.082778051495552063e-01,2.673902511596679688e-01,-1.842098087072372437e-01,4.984617233276367188e-02,1.109158173203468323e-01,-1.164423450827598572e-01,-9.816543012857437134e-02,-2.613362371921539307e-01,4.479983821511268616e-02,4.388244152069091797e-01,1.357080489397048950e-01,-1.045626550912857056e-01,3.666257858276367188e-02,-4.015824198722839355e-02,6.477335467934608459e-03,-3.353568026795983315e-04,3.462873399257659912e-02,-1.308399587869644165e-01,-1.018132269382476807e-02,-1.270143240690231323e-01,9.341521188616752625e-03,1.940325945615768433e-01,4.609437286853790283e-02,3.888742066919803619e-03,2.200197130441665649e-01,4.924172535538673401e-02,7.593864202499389648e-02,-8.726804517209529877e-03,1.974635943770408630e-02,-1.507122814655303955e-01,-4.968928545713424683e-02,-4.897061735391616821e-02,-1.387342158704996109e-02,1.206683553755283356e-02,-7.436129450798034668e-02,8.429167419672012329e-02,8.613589406013488770e-02,-1.835094839334487915e-01,1.481025367975234985e-01,-6.343317776918411255e-02,8.597990870475769043e-02,2.434170804917812347e-03,1.883644908666610718e-01,-8.105701953172683716e-02,-5.290073901414871216e-02,9.354510158300399780e-02,-2.246572375297546387e-01,2.129352986812591553e-01,1.094960495829582214e-01,5.680087581276893616e-02,1.210229247808456421e-01,5.025720223784446716e-02,7.632447779178619385e-02,4.724249243736267090e-02,-2.343122847378253937e-02,-1.115442365407943726e-01,-7.788737118244171143e-02,1.400015130639076233e-02,-1.443118602037429810e-01,8.930232375860214233e-02,9.869377315044403076e-02
-1.126766502857208252e-01,7.470606267452239990e-02,4.941871017217636108e-02,2.015382982790470123e-02,-7.039245218038558960e-02,-6.442075222730636597e-02,-4.627828299999237061e-02,-1.038802042603492737e-01,1.895469129085540771e-01,-1.436402350664138794e-01,2.416973412036895752e-01,2.653361670672893524e-02,-1.964028924703598022e-01,-1.105849668383598328e-01,-1.261205784976482391e-02,1.216510087251663208e-01,-8.125503361225128174e-02,-1.354629695415496826e-01,-4.357008263468742371e-02,-5.447163060307502747e-02,7.979693263769149780e-02,-4.737957194447517395e-02,2.605973556637763977e-02,8.198356628417968750e-02,-1.387160122394561768e-01,-3.460635840892791748e-01,-7.847632467746734619e-02,-8.115907758474349976e-02,1.639327108860015869e-01,-7.036419212818145752e-02,-2.561212703585624695e-02,5.349580943584442139e-02,-1.331872344017028809e-01,-1.870032027363777161e-02,-8.355626836419105530e-03,1.122144758701324463e-01,3.639799728989601135e-02,-3.826841711997985840e-03,2.383498847484588623e-01,-5.732732638716697693e-02,-2.305429726839065552e-01,3.217326849699020386e-02,2.440357208251953125e-02,2.401801496744155884e-01,1.425548642873764038e-01,7.872682064771652222e-02,1.048098057508468628e-01,-2.516407147049903870e-02,2.043487429618835449e-01,-2.179749310016632080e-01,1.190617233514785767e-01,7.796695083379745483e-02,1.630373299121856689e-01,8.311906829476356506e-03,1.077647581696510315e-01,-2.440167665481567383e-01,-4.035530984401702881e-02,1.187444850802421570e-01,-2.065732777118682861e-01,1.232633367180824280e-01,1.712293550372123718e-02,-5.191526934504508972e-02,-1.397840492427349091e-02,7.229324895888566971e-03,2.240098565816879272e-01,1.435765326023101807e-01,-9.592506289482116699e-02,-1.172996386885643005e-01,2.697061002254486084e-01,-2.055000811815261841e-01,5.606277287006378174e-02,1.148273274302482605e-01,-1.041228771209716797e-01,-1.060932949185371399e-01,-2.526107728481292725e-01,4.501880705356597900e-02,4.465145468711853027e-01,1.386867016553878784e-01,-8.970195800065994263e-02,5.345383286476135254e-02,-3.279315680265426636e-02,-2.832585945725440979e-03,9.455947205424308777e-03,4.719693213701248169e-02,-1.270836889743804932e-01,-5.369739606976509094e-03,-1.162288933992385864e-01,2.109221927821636200e-02,2.061136364936828613e-01,5.709105730056762695e-02,-6.946582347154617310e-03,2.211630642414093018e-01,4.092429950833320618e-02,8.358796685934066772e-02,-1.843507401645183563e-03,2.036722004413604736e-02,-1.361346840858459473e-01,-4.961365833878517151e-02,-5.733612552285194397e-02,-1.523654069751501083e-02,2.198000624775886536e-02,-8.120826631784439087e-02,7.919754832983016968e-02,8.492887020111083984e-02,-1.821435242891311646e-01,1.416299045085906982e-01,-6.169075518846511841e-02,8.354721218347549438e-02,1.698212511837482452e-02,1.917579919099807739e-01,-8.432497084140777588e-02,-4.894865304231643677e-02,8.851984888315200806e-02,-2.274467498064041138e-01,2.192432284355163574e-01,1.171340346336364746e-01,6.671434640884399414e-02,1.205872595310211182e-01,5.957322940230369568e-02,7.045239210128784180e-02,6.238593533635139465e-02,-4.195391386747360229e-02,-1.200059354305267334e-01,-8.353325724601745605e-02,2.208623103797435760e-03,-1.298619508743286133e-01,8.191933482885360718e-02,9.076935052871704102e-02
-1.334873437881469727e-01,4.487203806638717651e-02,5.229496583342552185e-02,1.409954112023115158e-02,-7.616037875413894653e-02,-1.019276529550552368e-01,-3.418971970677375793e-02,-8.386389166116714478e-02,1.903985440731048584e-01,-1.729398518800735474e-01,2.373594790697097778e-01,2.339048869907855988e-02,-1.773316413164138794e-01,-9.497246146202087402e-02,-9.727131575345993042e-03,1.133007556200027466e-01,-6.746795028448104858e-02,-1.484794020652770996e-01,-5.100516602396965027e-02,-8.914836496114730835e-02,5.523986369371414185e-02,-2.835519798099994659e-02,-1.569808833301067352e-02,7.365193217992782593e-02,-1.455343514680862427e-01,-3.393312394618988037e-01,-8.557558059692382812e-02,-8.937323838472366333e-02,1.499278694391250610e-01,-7.339666783809661865e-02,-3.404758870601654053e-02,3.853252902626991272e-02,-1.255183070898056030e-01,-2.513466030359268188e-02,1.041420176625251770e-02,1.062242463231086731e-01,3.908072412014007568e-02,3.693764097988605499e-03,2.410149127244949341e-01,-5.011212453246116638e-02,-2.323225438594818115e-01,1.931183040142059326e-02,3.541205078363418579e-02,2.756935060024261475e-01,1.493792533874511719e-01,6.449442356824874878e-02,7.332341372966766357e-02,-3.082557767629623413e-02,2.097609043121337891e-01,-2.045451104640960693e-01,1.295855343341827393e-01,8.823900669813156128e-02,1.594619601964950562e-01,1.676323823630809784e-02,1.063809022307395935e-01,-2.089146524667739868e-01,-4.026956111192703247e-02,1.170784756541252136e-01,-2.382501512765884399e-01,1.236905530095100403e-01,3.673429414629936218e-02,-6.321245431900024414e-02,-3.375905007123947144e-02,2.364718122407793999e-03,2.517033815383911133e-01,1.486055403947830200e-01,-1.247342526912689209e-01,-1.107546463608741760e-01,2.739942669868469238e-01,-2.361463755369186401e-01,6.204661726951599121e-02,8.019775152206420898e-02,-1.016672179102897644e-01,-1.104801222681999207e-01,-2.488122135400772095e-01,6.536619365215301514e-02,4.148227870464324951e-01,1.262087672948837280e-01,-7.917147874832153320e-02,7.014744728803634644e-02,-2.642063423991203308e-02,-2.180448547005653381e-02,1.957396790385246277e-02,6.723779439926147461e-02,-1.303514689207077026e-01,5.634330213069915771e-03,-7.254115492105484009e-02,4.670431837439537048e-02,2.103440463542938232e-01,6.610032916069030762e-02,4.386359825730323792e-03,2.153506278991699219e-01,1.218633260577917099e-02,4.814627766609191895e-02,1.340339705348014832e-02,3.631975501775741577e-02,-1.460437923669815063e-01,-6.835959851741790771e-02,-4.577868431806564331e-02,9.792724624276161194e-03,4.719159752130508423e-02,-1.108028292655944824e-01,8.716470003128051758e-02,9.263898432254791260e-02,-1.875101327896118164e-01,1.435700654983520508e-01,-7.184375077486038208e-02,7.721633464097976685e-02,1.692559942603111267e-02,1.611892431974411011e-01,-8.038886636495590210e-02,-6.670141220092773438e-02,9.080384671688079834e-02,-2.131269425153732300e-01,2.409775853157043457e-01,9.760094434022903442e-02,6.856419146060943604e-02,1.285466551780700684e-01,4.577615857124328613e-02,4.579287022352218628e-02,6.217048317193984985e-02,-4.169537872076034546e-02,-1.212149336934089661e-01,-6.839985400438308716e-02,-6.479897536337375641e-03,-1.329382359981536865e-01,1.013222709298133850e-01,8.725260943174362183e-02
-1.201757490634918213e-01,3.945632278919219971e-02,4.992505162954330444e-02,8.991089649498462677e-03,-7.569947838783264160e-02,-9.782242029905319214e-02,-2.696514688432216644e-02,-8.142479509115219116e-02,2.088669836521148682e-01,-1.736904531717300415e-01,2.387161105871200562e-01,1.871557720005512238e-02,-1.828073114156723022e-01,-9.205457568168640137e-02,-1.038302853703498840e-02,1.155953705310821533e-01,-6.365448236465454102e-02,-1.492715626955032349e-01,-6.391586363315582275e-02,-9.267984330654144287e-02,4.526042938232421875e-02,-2.208647318184375763e-02,-3.092779032886028290e-02,8.079902082681655884e-02,-1.426488012075424194e-01,-3.408960402011871338e-01,-7.838767766952514648e-02,-8.277034759521484375e-02,1.429705172777175903e-01,-6.290711462497711182e-02,-5.453862994909286499e-02,4.806951060891151428e-02,-1.337122917175292969e-01,-4.193892329931259155e-02,1.910830661654472351e-02,1.097459271550178528e-01,3.516929596662521362e-02,-9.346995502710342407e-03,2.347368896007537842e-01,-4.330573976039886475e-02,-2.238723039627075195e-01,2.405792474746704102e-02,4.025876149535179138e-02,2.683923840522766113e-01,1.443435251712799072e-01,6.621582806110382080e-02,7.445761561393737793e-02,-2.733048237860202789e-02,2.066952884197235107e-01,-2.023614048957824707e-01,1.282207965850830078e-01,9.638857096433639526e-02,1.574731916189193726e-01,2.168539352715015411e-02,1.020546108484268188e-01,-2.189335823059082031e-01,-4.290273040533065796e-02,1.267542093992233276e-01,-2.414834946393966675e-01,1.218833774328231812e-01,4.266786575317382812e-02,-6.811679899692535400e-02,-3.852958232164382935e-02,4.795704036951065063e-03,2.593627870082855225e-01,1.514933258295059204e-01,-1.263232678174972534e-01,-1.090221554040908813e-01,2.732731401920318604e-01,-2.293372601270675659e-01,6.458235532045364380e-02,6.436086446046829224e-02,-1.012793332338333130e-01,-1.119927167892456055e-01,-2.364436686038970947e-01,8.002982288599014282e-02,4.257986843585968018e-01,1.346693336963653564e-01,-8.304677158594131470e-02,7.805524766445159912e-02,-3.896832838654518127e-02,-2.423642203211784363e-02,2.034230343997478485e-02,6.063973158597946167e-02,-1.250591725111007690e-01,7.370954379439353943e-03,-7.465702295303344727e-02,4.542821645736694336e-02,2.106099128723144531e-01,8.338896185159683228e-02,8.718764409422874451e-03,2.233428508043289185e-01,1.019194442778825760e-02,3.544652462005615234e-02,1.513824332505464554e-02,2.767005003988742828e-02,-1.532247662544250488e-01,-6.789781153202056885e-02,-4.571317136287689209e-02,3.927456215023994446e-03,5.374310165643692017e-02,-1.111455112695693970e-01,8.883266896009445190e-02,8.838686347007751465e-02,-1.922430545091629028e-01,1.420345902442932129e-01,-7.263643294572830200e-02,7.874718308448791504e-02,2.445635572075843811e-02,1.548159420490264893e-01,-7.773423939943313599e-02,-6.619411706924438477e-02,9.031503647565841675e-02,-2.181250452995300293e-01,2.362911403179168701e-01,8.089876174926757812e-02,8.073625713586807251e-02,1.418305039405822754e-01,4.724241793155670166e-02,4.763688892126083374e-02,7.179823517799377441e-02,-4.767264425754547119e-02,-1.242572516202926636e-01,-7.803253084421157837e-02,-1.538328826427459717e-03,-1.255901753902435303e-01,1.182524561882019043e-01,9.498517215251922607e-02
-1.225480809807777405e-01,4.555821046233177185e-02,4.512682557106018066e-02,1.064093038439750671e-02,-8.099115639925003052e-02,-9.955806285142898560e-02,-2.796445786952972412e-02,-7.387096434831619263e-02,2.142896652221679688e-01,-1.598419994115829468e-01,2.337429374456405640e-01,3.055018559098243713e-02,-1.734943985939025879e-01,-9.023270010948181152e-02,-8.876005187630653381e-03,1.134519129991531372e-01,-7.249758392572402954e-02,-1.475882530212402344e-01,-6.234221532940864563e-02,-8.580017089843750000e-02,4.138521850109100342e-02,-2.561084367334842682e-02,-2.112193219363689423e-02,8.050066977739334106e-02,-1.387380808591842651e-01,-3.486977517604827881e-01,-7.743094116449356079e-02,-8.075585216283798218e-02,1.511536985635757446e-01,-6.342103332281112671e-02,-3.563030064105987549e-02,5.014585331082344055e-02,-1.350359022617340088e-01,-3.639107942581176758e-02,2.127594128251075745e-02,1.110020354390144348e-01,3.927288949489593506e-02,-4.335805773735046387e-03,2.401085346937179565e-01,-4.043623059988021851e-02,-2.267986685037612915e-01,2.209113165736198425e-02,3.549709171056747437e-02,2.724932432174682617e-01,1.497127264738082886e-01,6.932707130908966064e-02,7.908685505390167236e-02,-3.032437711954116821e-02,2.093420028686523438e-01,-1.996484398841857910e-01,1.403352916240692139e-01,9.391773492097854614e-02,1.589150428771972656e-01,1.798803545534610748e-02,1.027863025665283203e-01,-2.214107811450958252e-01,-3.802944347262382507e-02,1.285316646099090576e-01,-2.376244217157363892e-01,1.171117350459098816e-01,3.809725493192672729e-02,-6.189791113138198853e-02,-3.940134122967720032e-02,9.203474968671798706e-03,2.640107274055480957e-01,1.533671319484710693e-01,-1.227227896451950073e-01,-1.129422262310981750e-01,2.749096453189849854e-01,-2.279945164918899536e-01,6.302299350500106812e-02,6.804149597883224487e-02,-1.000680103898048401e-01,-1.027264595031738281e-01,-2.450022250413894653e-01,7.430353760719299316e-02,4.349213242530822754e-01,1.245546117424964905e-01,-8.892764151096343994e-02,7.453436404466629028e-02,-4.109193757176399231e-02,-2.249423973262310028e-02,1.703471317887306213e-02,6.987094134092330933e-02,-1.350606679916381836e-01,-1.565277576446533203e-03,-7.692267000675201416e-02,3.786020725965499878e-02,2.104858309030532837e-01,8.722570538520812988e-02,1.557897077873349190e-03,2.170298099517822266e-01,1.814361661672592163e-02,3.877872973680496216e-02,1.313919574022293091e-02,2.220417372882366180e-02,-1.456476300954818726e-01,-6.649067997932434082e-02,-4.141619801521301270e-02,-2.898833714425563812e-03,5.068663135170936584e-02,-1.057143509387969971e-01,8.166738599538803101e-02,9.302084147930145264e-02,-2.028270363807678223e-01,1.451653093099594116e-01,-6.468376517295837402e-02,8.150491863489151001e-02,3.384637832641601562e-02,1.630061417818069458e-01,-7.137329876422882080e-02,-7.330930978059768677e-02,9.073661267757415771e-02,-2.245308607816696167e-01,2.421239018440246582e-01,8.357255905866622925e-02,7.595688849687576294e-02,1.443333774805068970e-01,4.039572924375534058e-02,5.676718801259994507e-02,7.065915316343307495e-02,-4.128040373325347900e-02,-1.196343749761581421e-01,-6.875558942556381226e-02,-9.636196307837963104e-03,-1.280834376811981201e-01,1.091510355472564697e-01,9.871921688318252563e-02
-1.407416015863418579e-01,5.686221271753311157e-02,4.590947553515434265e-02,1.943752728402614594e-02,-8.416796475648880005e-02,-9.007556736469268799e-02,-2.302934415638446808e-02,-9.743167459964752197e-02,2.035300135612487793e-01,-1.153638586401939392e-01,2.607731521129608154e-01,3.326296061277389526e-02,-1.773518323898315430e-01,-9.297131747007369995e-02,-2.280069515109062195e-02,1.174455508589744568e-01,-6.889531016349792480e-02,-1.125208064913749695e-01,-6.615357100963592529e-02,-8.070964366197586060e-02,3.710517659783363342e-02,-2.401821129024028778e-02,8.640336804091930389e-03,7.297125458717346191e-02,-1.213798001408576965e-01,-3.442711532115936279e-01,-9.295395761728286743e-02,-9.704946726560592651e-02,1.594233661890029907e-01,-4.806365072727203369e-02,-2.028769254684448242e-02,7.598947733640670776e-02,-1.163454502820968628e-01,-4.406284913420677185e-02,3.721503913402557373e-02,1.025243848562240601e-01,3.520817682147026062e-02,2.832680940628051758e-03,2.363008111715316772e-01,-5.141656473278999329e-02,-1.981150209903717041e-01,2.227557823061943054e-02,4.242351278662681580e-02,2.770462334156036377e-01,1.265732049942016602e-01,9.015301614999771118e-02,9.751231968402862549e-02,-2.193924784660339355e-02,2.082978338003158569e-01,-1.861172020435333252e-01,1.207401230931282043e-01,7.570064812898635864e-02,1.703308373689651489e-01,1.241170801222324371e-02,1.060663461685180664e-01,-2.444382607936859131e-01,-1.842671632766723633e-02,1.164660602807998657e-01,-2.308113873004913330e-01,1.185477524995803833e-01,1.780889183282852173e-02,-6.234610080718994141e-02,-3.936836123466491699e-02,1.672791875898838043e-02,2.557090222835540771e-01,1.562923938035964966e-01,-1.066372320055961609e-01,-1.213130503892898560e-01,2.652461230754852295e-01,-2.036840915679931641e-01,7.364284992218017578e-02,9.155602753162384033e-02,-1.318229138851165771e-01,-9.984794259071350098e-02,-2.455594241619110107e-01,5.819638073444366455e-02,4.565539360046386719e-01,1.108662337064743042e-01,-8.414131402969360352e-02,5.335065722465515137e-02,-4.430525004863739014e-02,-1.301389839500188828e-02,-2.920238999649882317e-03,5.386136472225189209e-02,-1.479184627532958984e-01,-1.638672873377799988e-02,-1.016135662794113159e-01,8.986392989754676819e-03,2.047107815742492676e-01,5.514184385538101196e-02,-3.012550529092550278e-03,2.253473550081253052e-01,2.831901237368583679e-02,5.183839052915573120e-02,-9.527825750410556793e-03,9.070896543562412262e-03,-1.400030106306076050e-01,-6.147247552871704102e-02,-2.196773327887058258e-02,-1.799631863832473755e-02,4.500056803226470947e-02,-1.003904119133949280e-01,8.987550437450408936e-02,8.690129965543746948e-02,-2.193896174430847168e-01,1.293773055076599121e-01,-6.460967659950256348e-02,9.853645414113998413e-02,2.794045768678188324e-02,1.652066111564636230e-01,-6.481673568487167358e-02,-6.741064041852951050e-02,9.945513308048248291e-02,-2.299479097127914429e-01,2.335706651210784912e-01,1.081286966800689697e-01,6.677431613206863403e-02,1.343775689601898193e-01,3.165481239557266235e-02,5.362535640597343445e-02,6.011502072215080261e-02,-2.164225652813911438e-02,-1.035930365324020386e-01,-7.192943245172500610e-02,-6.455156952142715454e-03,-1.327764391899108887e-01,6.934597343206405640e-02,9.332280606031417847e-02
-1.294762492179870605e-01,7.007536292076110840e-02,4.303052648901939392e-02,6.783141754567623138e-03,-6.936035305261611938e-02,-8.540699630975723267e-02,-3.837258368730545044e-02,-1.031190678477287292e-01,1.926878839731216431e-01,-1.206277757883071899e-01,2.715433835983276367e-01,2.408393286168575287e-02,-1.930653154850006104e-01,-9.746068716049194336e-02,-2.548607811331748962e-02,1.185628697276115417e-01,-8.224728703498840332e-02,-1.098026931285858154e-01,-6.881614029407501221e-02,-7.350372523069381714e-02,4.010945931077003479e-02,-1.981911249458789825e-02,1.946371607482433319e-02,7.769058644771575928e-02,-1.230129376053810120e-01,-3.351597785949707031e-01,-8.986263722181320190e-02,-9.574391692876815796e-02,1.536953598260879517e-01,-4.660464078187942505e-02,-3.578807413578033447e-02,8.177544176578521729e-02,-1.145692169666290283e-01,-4.769003018736839294e-02,2.849810570478439331e-02,1.046763360500335693e-01,4.458598047494888306e-02,1.764301583170890808e-02,2.413493394851684570e-01,-5.550882965326309204e-02,-1.902290433645248413e-01,2.183315530419349670e-02,4.179736226797103882e-02,2.748535871505737305e-01,1.393591016530990601e-01,8.774682879447937012e-02,9.979353845119476318e-02,-1.430020574480295181e-02,2.069658190011978149e-01,-2.019120901823043823e-01,1.268543004989624023e-01,7.650214433670043945e-02,1.890703588724136353e-01,1.593751460313796997e-02,1.043090820312500000e-01,-2.476316243410110474e-01,-3.356649726629257202e-02,1.371540129184722900e-01,-2.126369625329971313e-01,1.199408844113349915e-01,2.542906627058982849e-02,-5.275731906294822693e-02,-3.034445643424987793e-02,1.014078501611948013e-02,2.549873590469360352e-01,1.536064893007278442e-01,-1.166351065039634705e-01,-1.166289299726486206e-01,2.604334652423858643e-01,-1.882128864526748657e-01,6.567141413688659668e-02,9.903089702129364014e-02,-1.319277286529541016e-01,-9.521061927080154419e-02,-2.424018383026123047e-01,5.227968841791152954e-02,4.449377357959747314e-01,1.191985458135604858e-01,-9.267025440931320190e-02,4.731635004281997681e-02,-5.422093346714973450e-02,-1.373586989939212799e-02,-5.050751380622386932e-03,2.932389639317989349e-02,-1.450833082199096680e-01,-1.420584693551063538e-02,-1.107718944549560547e-01,9.254340082406997681e-03,1.995499283075332642e-01,5.593538284301757812e-02,-2.543051727116107941e-03,2.284359037876129150e-01,2.871430106461048126e-02,6.857065856456756592e-02,-7.112796418368816376e-03,1.599658653140068054e-02,-1.380635499954223633e-01,-5.902429670095443726e-02,-3.470968455076217651e-02,-5.983391776680946350e-03,2.844451367855072021e-02,-9.674185514450073242e-02,8.254216611385345459e-02,8.522743731737136841e-02,-2.010988593101501465e-01,1.384864449501037598e-01,-6.721999496221542358e-02,1.121792718768119812e-01,2.292454615235328674e-02,1.725937724113464355e-01,-6.134267523884773254e-02,-6.291046738624572754e-02,1.052045673131942749e-01,-2.297807037830352783e-01,2.124641984701156616e-01,1.009694263339042664e-01,5.736225470900535583e-02,1.290509253740310669e-01,3.820643201470375061e-02,6.274554133415222168e-02,5.610502883791923523e-02,-2.523044683039188385e-02,-1.195696219801902771e-01,-8.142577111721038818e-02,6.799181457608938217e-03,-1.327025890350341797e-01,7.916000485420227051e-02,9.845495969057083130e-02
-1.073188632726669312e-01,7.384830713272094727e-02,4.778710007667541504e-02,1.219170447438955307e-02,-6.292333453893661499e-02,-9.166650474071502686e-02,-5.325279384851455688e-02,-1.136679649353027344e-01,1.888560950756072998e-01,-1.293153017759323120e-01,2.502497434616088867e-01,2.455024980008602142e-02,-2.073640227317810059e-01,-9.336990863084793091e-02,-1.847425661981105804e-02,1.198684722185134888e-01,-8.263169229030609131e-02,-1.337527036666870117e-01,-5.993078276515007019e-02,-7.738248258829116821e-02,6.576728075742721558e-02,-3.435961529612541199e-02,1.722684875130653381e-02,8.908761292695999146e-02,-1.442793607711791992e-01,-3.333894908428192139e-01,-9.345128387212753296e-02,-7.719243317842483521e-02,1.441658735275268555e-01,-6.206217408180236816e-02,-3.617656975984573364e-02,6.445778161287307739e-02,-1.238767057657241821e-01,-3.132488578557968140e-02,1.309352740645408630e-02,1.119323000311851501e-01,4.566219449043273926e-02,1.743680797517299652e-03,2.356296628713607788e-01,-5.154328048229217529e-02,-2.115677595138549805e-01,3.331492096185684204e-02,3.475361317396163940e-02,2.578007280826568604e-01,1.478260308504104614e-01,8.665834367275238037e-02,1.086637973785400391e-01,-1.569562777876853943e-02,1.969953328371047974e-01,-2.008648365736007690e-01,1.407072097063064575e-01,9.076660126447677612e-02,1.698366701602935791e-01,1.995458826422691345e-02,1.075022965669631958e-01,-2.509662508964538574e-01,-5.468640476465225220e-02,1.561039686203002930e-01,-2.087320983409881592e-01,1.280862838029861450e-01,3.214877098798751831e-02,-5.186396092176437378e-02,-1.920222491025924683e-02,3.033368848264217377e-04,2.331911623477935791e-01,1.624387353658676147e-01,-1.229960322380065918e-01,-1.103813797235488892e-01,2.652791738510131836e-01,-2.015036344528198242e-01,4.824069142341613770e-02,9.135040640830993652e-02,-1.233865767717361450e-01,-9.883919358253479004e-02,-2.558590471744537354e-01,4.902149364352226257e-02,4.461381435394287109e-01,1.205859407782554626e-01,-9.712191671133041382e-02,4.093917459249496460e-02,-3.339203819632530212e-02,-4.678954835981130600e-03,4.340000450611114502e-03,3.429432585835456848e-02,-1.365787684917449951e-01,-7.140181958675384521e-03,-1.122988611459732056e-01,2.186591736972332001e-02,2.045303285121917725e-01,7.945246994495391846e-02,-1.049599796533584595e-02,2.238704264163970947e-01,2.294614911079406738e-02,6.901366263628005981e-02,1.201787497848272324e-03,4.187804833054542542e-02,-1.412831246852874756e-01,-6.046501919627189636e-02,-4.574042558670043945e-02,-3.132335841655731201e-03,1.519891154021024704e-02,-9.470744431018829346e-02,6.821712106466293335e-02,8.699046820402145386e-02,-1.762219965457916260e-01,1.439118832349777222e-01,-5.850786343216896057e-02,1.050984114408493042e-01,1.521635800600051880e-03,1.923762708902359009e-01,-7.771807163953781128e-02,-5.631452426314353943e-02,9.961825609207153320e-02,-2.320640534162521362e-01,2.182146906852722168e-01,1.101383417844772339e-01,5.698358640074729919e-02,1.205940097570419312e-01,3.714353591203689575e-02,7.261554151773452759e-02,5.809432268142700195e-02,-4.386164247989654541e-02,-1.245182380080223083e-01,-8.936190605163574219e-02,-1.902777701616287231e-03,-1.256575882434844971e-01,9.483906626701354980e-02,1.045951917767524719e-01
-1.132586523890495300e-01,6.495714932680130005e-02,4.947521165013313293e-02,1.369908452033996582e-02,-6.680281460285186768e-02,-8.800345659255981445e-02,-5.421261489391326904e-02,-1.105467155575752258e-01,1.849287152290344238e-01,-1.303538084030151367e-01,2.385252416133880615e-01,2.578692510724067688e-02,-2.055766284465789795e-01,-9.227681159973144531e-02,-1.813664846122264862e-02,1.175777167081832886e-01,-7.303465902805328369e-02,-1.396099925041198730e-01,-6.351795792579650879e-02,-8.153606951236724854e-02,7.377026230096817017e-02,-3.581888973712921143e-02,1.086192019283771515e-02,8.925896883010864258e-02,-1.582985520362854004e-01,-3.308976292610168457e-01,-9.286972880363464355e-02,-7.015603780746459961e-02,1.410714387893676758e-01,-6.475940346717834473e-02,-4.266956076025962830e-02,5.639224499464035034e-02,-1.307774186134338379e-01,-2.858621254563331604e-02,1.266071759164333344e-02,1.159677729010581970e-01,4.392712563276290894e-02,-3.959924913942813873e-03,2.257951796054840088e-01,-4.382304474711418152e-02,-2.106531560420989990e-01,3.000678867101669312e-02,3.749574348330497742e-02,2.586805224418640137e-01,1.556238830089569092e-01,8.607667684555053711e-02,1.076377034187316895e-01,-9.762904606759548187e-03,1.949853599071502686e-01,-2.102015465497970581e-01,1.429083347320556641e-01,8.615443110466003418e-02,1.640814244747161865e-01,2.072320505976676941e-02,1.178195923566818237e-01,-2.445041835308074951e-01,-5.439249798655509949e-02,1.629909425973892212e-01,-2.059911042451858521e-01,1.322283893823623657e-01,3.232828900218009949e-02,-5.842448770999908447e-02,-2.564674243330955505e-02,-8.435913361608982086e-03,2.255120277404785156e-01,1.642408967018127441e-01,-1.185906231403350830e-01,-1.112862825393676758e-01,2.627841532230377197e-01,-2.067849189043045044e-01,4.747047647833824158e-02,8.655031770467758179e-02,-1.159239336848258972e-01,-9.867672622203826904e-02,-2.621227502822875977e-01,5.050845444202423096e-02,4.508302211761474609e-01,1.356529593467712402e-01,-9.725806862115859985e-02,4.496290907263755798e-02,-2.602188661694526672e-02,4.724862053990364075e-03,1.601159386336803436e-02,2.778360247611999512e-02,-1.317136287689208984e-01,-5.313947796821594238e-03,-1.110308840870857239e-01,2.555052377283573151e-02,2.050397098064422607e-01,8.556046336889266968e-02,-5.750152282416820526e-03,2.205557078123092651e-01,2.348944731056690216e-02,6.123622134327888489e-02,3.716731909662485123e-03,3.639464080333709717e-02,-1.428965926170349121e-01,-6.090543046593666077e-02,-4.196361079812049866e-02,-1.960661262273788452e-03,1.149729825556278229e-02,-9.342646598815917969e-02,7.751223444938659668e-02,8.420324325561523438e-02,-1.731618642807006836e-01,1.402031481266021729e-01,-5.871818214654922485e-02,1.021177172660827637e-01,6.418321281671524048e-04,1.888484209775924683e-01,-8.505067229270935059e-02,-5.345575138926506042e-02,8.989585936069488525e-02,-2.398856580257415771e-01,2.086474299430847168e-01,1.131278797984123230e-01,5.432492122054100037e-02,1.199469342827796936e-01,3.660066425800323486e-02,7.189264893531799316e-02,5.970528349280357361e-02,-3.708849847316741943e-02,-1.209997832775115967e-01,-8.753427118062973022e-02,-4.924396984279155731e-03,-1.266914606094360352e-01,9.426701813936233521e-02,1.049038171768188477e-01
-1.248039379715919495e-01,7.797152549028396606e-02,5.467020720243453979e-02,1.262500323355197906e-02,-5.778124183416366577e-02,-7.992178201675415039e-02,-4.135597497224807739e-02,-1.200121417641639709e-01,2.029691189527511597e-01,-9.737446159124374390e-02,2.466310113668441772e-01,3.468772768974304199e-02,-2.021523118019104004e-01,-1.016545221209526062e-01,-2.141319774091243744e-02,1.135059818625450134e-01,-9.615830332040786743e-02,-1.210263669490814209e-01,-5.480656027793884277e-02,-7.172784209251403809e-02,8.268512785434722900e-02,-3.032338619232177734e-02,3.574442490935325623e-02,6.767088919878005981e-02,-1.622613072395324707e-01,-3.428408205509185791e-01,-9.308634698390960693e-02,-7.562538981437683105e-02,1.576112955808639526e-01,-5.639442428946495056e-02,-1.980680041015148163e-02,5.038135498762130737e-02,-1.151436939835548401e-01,-2.750732749700546265e-02,8.824132382869720459e-03,1.129952445626258850e-01,2.259614691138267517e-02,-2.150906249880790710e-02,2.416522651910781860e-01,-3.847144171595573425e-02,-2.020414471626281738e-01,1.625347137451171875e-02,3.569057956337928772e-02,2.632777690887451172e-01,1.541733294725418091e-01,7.970078289508819580e-02,1.273707598447799683e-01,-2.200500294566154480e-02,1.836550384759902954e-01,-2.015854567289352417e-01,1.221866086125373840e-01,7.832425832748413086e-02,1.601608693599700928e-01,2.242339402437210083e-02,1.223851144313812256e-01,-2.551961541175842285e-01,-6.007460504770278931e-02,1.570888608694076538e-01,-2.022600322961807251e-01,1.276130676269531250e-01,3.239712864160537720e-02,-5.793974548578262329e-02,-2.026982419192790985e-02,-1.729279756546020508e-02,2.363849133253097534e-01,1.510824710130691528e-01,-1.215733811259269714e-01,-8.647544682025909424e-02,2.701556384563446045e-01,-1.803199350833892822e-01,5.324513465166091919e-02,8.212970942258834839e-02,-1.163977980613708496e-01,-1.154987886548042297e-01,-2.472520023584365845e-01,5.244730412960052490e-02,4.622786641120910645e-01,1.334488242864608765e-01,-9.638381749391555786e-02,3.089107759296894073e-02,-2.771054767072200775e-02,4.103913903236389160e-03,6.784281693398952484e-03,5.010232329368591309e-02,-1.442250013351440430e-01,1.010257750749588013e-02,-1.082990095019340515e-01,1.634604856371879578e-02,1.940867751836776733e-01,7.212511450052261353e-02,-6.797147216275334358e-04,2.234295755624771118e-01,3.715711832046508789e-02,7.181861996650695801e-02,1.583574339747428894e-04,1.116717513650655746e-02,-1.401377767324447632e-01,-3.973300009965896606e-02,-4.652559757232666016e-02,-2.908321097493171692e-03,8.776739239692687988e-03,-1.020652130246162415e-01,1.010739207267761230e-01,7.777041196823120117e-02,-1.646590083837509155e-01,1.447016894817352295e-01,-3.299377486109733582e-02,8.664732426404953003e-02,3.794936463236808777e-03,1.738334894180297852e-01,-6.969074904918670654e-02,-5.041697248816490173e-02,1.023724153637886047e-01,-2.425555139780044556e-01,2.047263383865356445e-01,1.237734705209732056e-01,6.633013486862182617e-02,1.484574526548385620e-01,3.709191083908081055e-02,8.953369408845901489e-02,5.521510541439056396e-02,-1.504184491932392120e-02,-1.066178455948829651e-01,-6.149341166019439697e-02,-1.577148027718067169e-02,-1.243599951267242432e-01,9.287407994270324707e-02,1.060134023427963257e-01
-1.110290810465812683e-01,6.153023242950439453e-02,1.873094774782657623e-02,-2.984314039349555969e-02,-3.802100941538810730e-02,-1.065442264080047607e-01,4.716034978628158569e-03,-1.412377655506134033e-01,2.138453722000122070e-01,-9.867991507053375244e-02,2.775166630744934082e-01,2.838925831019878387e-02,-1.920233666896820068e-01,-1.218056753277778625e-01,-2.002812922000885010e-02,1.065834090113639832e-01,-8.521751314401626587e-02,-1.347287893295288086e-01,-7.179310917854309082e-02,-8.328820019960403442e-02,9.016425907611846924e-02,-1.158179901540279388e-02,3.028813935816287994e-02,9.743488579988479614e-02,-1.216341257095336914e-01,-3.123418390750885010e-01,-9.139069169759750366e-02,-8.910553157329559326e-02,1.629333049058914185e-01,-4.694444686174392700e-02,4.352869838476181030e-02,9.738256782293319702e-02,-1.190908551216125488e-01,-1.250837557017803192e-02,3.066861070692539215e-02,9.558524191379547119e-02,3.647083044052124023e-02,-2.619159594178199768e-02,2.509680986404418945e-01,-6.378988735377788544e-03,-1.955673098564147949e-01,2.277964353561401367e-02,1.989687234163284302e-02,2.771854102611541748e-01,1.237576529383659363e-01,4.643921554088592529e-02,1.535243988037109375e-01,-5.195119976997375488e-02,1.851226240396499634e-01,-1.947778910398483276e-01,1.178054958581924438e-01,8.117937296628952026e-02,1.491231918334960938e-01,9.617399424314498901e-03,1.066186875104904175e-01,-2.795459628105163574e-01,-5.759953707456588745e-02,1.429177820682525635e-01,-2.038117349147796631e-01,1.387516111135482788e-01,4.227275028824806213e-02,-4.466965049505233765e-02,-5.864877998828887939e-02,-1.418648660182952881e-02,2.083472311496734619e-01,1.608928292989730835e-01,-1.344385445117950439e-01,-1.166215091943740845e-01,2.778404951095581055e-01,-1.833196580410003662e-01,2.120631560683250427e-02,1.119356974959373474e-01,-1.478576213121414185e-01,-9.576460719108581543e-02,-2.366689890623092651e-01,5.237308889627456665e-02,4.704198539257049561e-01,9.578891098499298096e-02,-1.033700853586196899e-01,1.376468967646360397e-02,-5.406622961163520813e-02,4.841702803969383240e-02,8.980610407888889313e-03,4.898650199174880981e-02,-1.400937587022781372e-01,-1.358550600707530975e-02,-1.120179891586303711e-01,-1.318808645009994507e-04,2.004797011613845825e-01,7.137176394462585449e-02,-4.432101175189018250e-02,2.211770564317703247e-01,3.691791370511054993e-02,5.841901898384094238e-02,-1.255231443792581558e-02,1.482826005667448044e-02,-1.025612503290176392e-01,-4.913156852126121521e-02,-5.242750048637390137e-02,-4.947070963680744171e-03,-2.049409970641136169e-02,-9.306679666042327881e-02,6.018929183483123779e-02,8.011530339717864990e-02,-1.836211383342742920e-01,1.517811864614486694e-01,-2.399899810552597046e-02,7.036422938108444214e-02,-2.072241529822349548e-02,1.752095967531204224e-01,-6.072647124528884888e-02,-2.859495393931865692e-02,8.130531013011932373e-02,-2.321388572454452515e-01,2.283169776201248169e-01,1.330066174268722534e-01,1.110115572810173035e-01,1.441591382026672363e-01,3.061388805508613586e-02,7.614307105541229248e-02,6.113769859075546265e-02,-3.970921039581298828e-02,-1.002768650650978088e-01,-7.736739516258239746e-02,-2.339314669370651245e-02,-7.717245817184448242e-02,4.825105890631675720e-02,7.445233315229415894e-02
-1.214282810688018799e-01,5.349972844123840332e-02,3.683969005942344666e-02,-3.932975605130195618e-02,-2.844432555139064789e-02,-1.089122146368026733e-01,-5.953431129455566406e-03,-1.353391855955123901e-01,2.145182788372039795e-01,-9.732165932655334473e-02,2.844375073909759521e-01,3.623281791806221008e-02,-1.840298920869827271e-01,-1.213097646832466125e-01,-2.750339545309543610e-02,1.114742159843444824e-01,-8.527292311191558838e-02,-1.231357455253601074e-01,-6.351359933614730835e-02,-8.002921193838119507e-02,8.192191272974014282e-02,4.600298125296831131e-03,1.962107606232166290e-02,7.923952490091323853e-02,-1.092811971902847290e-01,-2.975903451442718506e-01,-9.537642449140548706e-02,-7.735103368759155273e-02,1.566818952560424805e-01,-2.415866032242774963e-02,4.514404386281967163e-02,9.001283347606658936e-02,-1.185528039932250977e-01,-2.077411301434040070e-02,4.175697267055511475e-02,1.075822561979293823e-01,2.535790205001831055e-02,-1.535779796540737152e-02,2.373216897249221802e-01,-1.285442896187305450e-02,-1.833581030368804932e-01,1.869630068540573120e-02,2.200025692582130432e-02,2.766717672348022461e-01,1.110978126525878906e-01,6.308431178331375122e-02,1.395589709281921387e-01,-6.363359838724136353e-02,1.760803610086441040e-01,-2.021121382713317871e-01,1.264203786849975586e-01,8.406724780797958374e-02,1.514654010534286499e-01,1.192821934819221497e-02,1.082167029380798340e-01,-2.782938778400421143e-01,-4.316262155771255493e-02,1.498941779136657715e-01,-2.166617810726165771e-01,1.415592879056930542e-01,4.685929045081138611e-02,-4.356366395950317383e-02,-5.256152153015136719e-02,-2.090892754495143890e-02,2.073774486780166626e-01,1.649603545665740967e-01,-1.372571438550949097e-01,-1.246166005730628967e-01,2.717829346656799316e-01,-1.793122887611389160e-01,2.518522366881370544e-02,1.140361204743385315e-01,-1.400305777788162231e-01,-1.036457866430282593e-01,-2.453124076128005981e-01,4.919517040252685547e-02,4.542738199234008789e-01,1.019008159637451172e-01,-9.375538676977157593e-02,1.410110853612422943e-02,-4.817887023091316223e-02,4.320698976516723633e-02,7.437375839799642563e-03,4.143539443612098694e-02,-1.431760191917419434e-01,-1.161182112991809845e-02,-1.071729138493537903e-01,-1.012691482901573181e-02,1.892106384038925171e-01,6.977763026952743530e-02,-3.499383851885795593e-02,2.270311564207077026e-01,3.295940160751342773e-02,5.449457466602325439e-02,-2.249390259385108948e-02,1.338323019444942474e-02,-9.786285459995269775e-02,-4.397503286600112915e-02,-4.930328577756881714e-02,-7.194525562226772308e-03,-1.593831926584243774e-02,-9.215936064720153809e-02,7.645858079195022583e-02,8.761718124151229858e-02,-1.848506778478622437e-01,1.544767171144485474e-01,-3.282595053315162659e-02,7.728601247072219849e-02,-1.059471350163221359e-02,1.656225472688674927e-01,-5.529681965708732605e-02,-3.607521951198577881e-02,9.137052297592163086e-02,-2.248752713203430176e-01,2.265627533197402954e-01,1.299234926700592041e-01,1.098993942141532898e-01,1.454530507326126099e-01,3.621708229184150696e-02,8.284218609333038330e-02,5.041784420609474182e-02,-4.255197197198867798e-02,-1.070603504776954651e-01,-6.819929182529449463e-02,-3.455722332000732422e-02,-8.688603341579437256e-02,5.487975478172302246e-02,8.688014745712280273e-02
-1.111348420381546021e-01,8.177907764911651611e-02,4.288481920957565308e-02,-6.960812956094741821e-03,-2.351877093315124512e-02,-9.694866836071014404e-02,-9.528733789920806885e-03,-1.339649260044097900e-01,2.234568148851394653e-01,-1.107584834098815918e-01,2.641680240631103516e-01,2.367336675524711609e-02,-1.998283565044403076e-01,-9.312368929386138916e-02,-3.287319466471672058e-02,1.178961396217346191e-01,-9.766031801700592041e-02,-1.259072721004486084e-01,-7.577297091484069824e-02,-5.086586624383926392e-02,5.805458500981330872e-02,-1.737529784440994263e-02,3.791020438075065613e-02,9.494284540414810181e-02,-1.077229827642440796e-01,-3.246209621429443359e-01,-8.240009099245071411e-02,-1.056157350540161133e-01,1.578287184238433838e-01,-2.985266968607902527e-02,-2.155588567256927490e-02,8.447968959808349609e-02,-1.092295348644256592e-01,-2.704985439777374268e-02,1.185147091746330261e-02,9.169778972864151001e-02,3.061119653284549713e-02,-5.144177936017513275e-03,2.570404112339019775e-01,-2.411857247352600098e-03,-2.029147148132324219e-01,1.661899499595165253e-02,1.326251681894063950e-02,2.959585785865783691e-01,1.432395130395889282e-01,7.653292268514633179e-02,1.205043047666549683e-01,-2.041084319353103638e-02,1.878184378147125244e-01,-2.125732600688934326e-01,1.007524281740188599e-01,6.809286028146743774e-02,1.966607272624969482e-01,5.830222275108098984e-03,1.091378554701805115e-01,-2.858392000198364258e-01,-4.090597853064537048e-02,1.105786561965942383e-01,-2.016470879316329956e-01,1.527470052242279053e-01,2.778395637869834900e-02,-6.080501526594161987e-02,-3.292797133326530457e-02,1.364991720765829086e-02,2.555543780326843262e-01,1.439543068408966064e-01,-1.271545588970184326e-01,-8.462891727685928345e-02,2.775182425975799561e-01,-1.776279807090759277e-01,4.988361895084381104e-02,1.070918440818786621e-01,-1.385933160781860352e-01,-1.091448292136192322e-01,-2.246763259172439575e-01,3.180958330631256104e-02,4.595069885253906250e-01,1.153367459774017334e-01,-1.135965064167976379e-01,2.212658710777759552e-02,-6.154681369662284851e-02,2.267858199775218964e-02,1.106065884232521057e-02,5.987736210227012634e-02,-1.454382538795471191e-01,-5.423314869403839111e-04,-1.293760687112808228e-01,-2.136450074613094330e-02,2.004893720149993896e-01,4.854555428028106689e-02,-2.997165359556674957e-02,2.436412870883941650e-01,2.934735640883445740e-02,6.826847791671752930e-02,-2.601307258009910583e-02,-1.464347913861274719e-02,-1.114239841699600220e-01,-4.343256726861000061e-02,-5.837357789278030396e-02,-1.835582777857780457e-02,9.372075088322162628e-03,-8.769721537828445435e-02,6.637330353260040283e-02,7.545094937086105347e-02,-1.977361142635345459e-01,1.199655160307884216e-01,-3.092081658542156219e-02,9.332287311553955078e-02,2.054139785468578339e-02,1.831869781017303467e-01,-7.545047998428344727e-02,-6.155111640691757202e-02,1.068608090281486511e-01,-2.295932769775390625e-01,2.054953128099441528e-01,1.390891671180725098e-01,8.759622275829315186e-02,1.220324635505676270e-01,3.427744656801223755e-02,5.895688384771347046e-02,7.015071064233779907e-02,-1.951038278639316559e-02,-1.168783977627754211e-01,-7.493559271097183228e-02,3.524174913763999939e-03,-1.054046079516410828e-01,6.266603618860244751e-02,9.134327620267868042e-02
-1.075233668088912964e-01,7.556483149528503418e-02,5.243418738245964050e-02,1.812489936128258705e-03,-4.743272066116333008e-02,-7.294428348541259766e-02,-2.339196577668190002e-02,-9.332794696092605591e-02,2.043131887912750244e-01,-9.998634457588195801e-02,2.605934143066406250e-01,2.207325026392936707e-02,-2.064735740423202515e-01,-7.892182469367980957e-02,-1.629156619310379028e-02,1.220443174242973328e-01,-1.213639900088310242e-01,-8.159779757261276245e-02,-7.766839861869812012e-02,-5.344375595450401306e-02,3.852469101548194885e-02,4.133827053010463715e-03,3.595469892024993896e-02,7.646457850933074951e-02,-1.221105009317398071e-01,-3.365076184272766113e-01,-8.531464636325836182e-02,-1.093839854001998901e-01,1.713266074657440186e-01,-4.391098767518997192e-02,-4.378619790077209473e-02,8.177668601274490356e-02,-1.033459380269050598e-01,-5.015745013952255249e-02,2.229852043092250824e-02,8.319832384586334229e-02,1.312355697154998779e-02,-1.596886478364467621e-02,2.522557675838470459e-01,-4.273163154721260071e-02,-1.860057562589645386e-01,1.328237447887659073e-02,4.311817884445190430e-02,2.759180963039398193e-01,1.517834961414337158e-01,8.028243482112884521e-02,1.050730124115943909e-01,-5.234603770077228546e-03,2.099516838788986206e-01,-2.205277234315872192e-01,1.028959900140762329e-01,5.168248340487480164e-02,2.037367671728134155e-01,3.335488960146903992e-02,9.319218993186950684e-02,-2.657845616340637207e-01,-3.171815350651741028e-02,1.410663872957229614e-01,-2.238064855337142944e-01,1.427853256464004517e-01,3.480226173996925354e-02,-8.036807179450988770e-02,-2.555014006793498993e-02,2.087266556918621063e-02,2.624473273754119873e-01,1.449442058801651001e-01,-1.233623549342155457e-01,-1.018846184015274048e-01,2.668530941009521484e-01,-1.739323139190673828e-01,6.809181720018386841e-02,1.037311106920242310e-01,-1.277667135000228882e-01,-1.050120443105697632e-01,-2.235540598630905151e-01,3.399088233709335327e-02,4.315431118011474609e-01,1.274190545082092285e-01,-9.720546752214431763e-02,2.658106759190559387e-02,-5.561314895749092102e-02,-6.113136187195777893e-04,2.985465107485651970e-04,5.610644817352294922e-02,-1.413270086050033569e-01,-1.834404282271862030e-02,-1.126904338598251343e-01,7.145479321479797363e-03,1.969523727893829346e-01,4.309811815619468689e-02,-9.730394929647445679e-03,2.410658150911331177e-01,4.113774374127388000e-02,8.098166435956954956e-02,-1.868002489209175110e-02,-1.164462231099605560e-02,-1.336323618888854980e-01,-5.226837471127510071e-02,-4.792483150959014893e-02,2.590823452919721603e-03,2.303924970328807831e-02,-8.342403173446655273e-02,8.556105941534042358e-02,8.696415275335311890e-02,-1.767133474349975586e-01,1.581849753856658936e-01,-4.529437050223350525e-02,1.069155856966972351e-01,4.007472097873687744e-02,1.495092660188674927e-01,-5.762710794806480408e-02,-4.931994527578353882e-02,1.180655211210250854e-01,-2.309055477380752563e-01,2.036304175853729248e-01,1.040459498763084412e-01,7.210240513086318970e-02,1.308705359697341919e-01,2.228637970983982086e-02,6.248245760798454285e-02,5.621787160634994507e-02,-1.969330385327339172e-02,-1.508303135633468628e-01,-6.729024648666381836e-02,2.779113501310348511e-02,-1.349403858184814453e-01,8.694095164537429810e-02,9.055691957473754883e-02
-1.139948293566703796e-01,7.038781046867370605e-02,4.522650316357612610e-02,-6.455840542912483215e-03,-6.118403375148773193e-02,-7.171723991632461548e-02,-2.892706543207168579e-02,-9.553273767232894897e-02,2.040670514106750488e-01,-1.044004485011100769e-01,2.660507261753082275e-01,2.069442719221115112e-02,-1.965667009353637695e-01,-8.016871660947799683e-02,-5.078590009361505508e-03,1.203283891081809998e-01,-1.115948036313056946e-01,-7.818664610385894775e-02,-8.075754344463348389e-02,-6.258618831634521484e-02,4.325500875711441040e-02,-1.140048075467348099e-02,3.222221136093139648e-02,8.188303560018539429e-02,-1.267916262149810791e-01,-3.234266340732574463e-01,-7.563635706901550293e-02,-1.060819700360298157e-01,1.750423759222030640e-01,-4.591332376003265381e-02,-3.588495776057243347e-02,9.097705781459808350e-02,-1.094168648123741150e-01,-5.693367868661880493e-02,1.501581631600856781e-02,9.828234463930130005e-02,2.032081596553325653e-02,-3.894004039466381073e-03,2.466452866792678833e-01,-5.150936543941497803e-02,-1.941275298595428467e-01,1.624589040875434875e-02,4.606513679027557373e-02,2.682921290397644043e-01,1.461687088012695312e-01,7.642104476690292358e-02,9.690019488334655762e-02,7.234251126646995544e-03,2.175048887729644775e-01,-2.112744301557540894e-01,1.001573279500007629e-01,4.987449944019317627e-02,2.037117034196853638e-01,2.361625432968139648e-02,1.031563580036163330e-01,-2.521781921386718750e-01,-2.189037203788757324e-02,1.397411823272705078e-01,-2.236175984144210815e-01,1.269849538803100586e-01,3.668355569243431091e-02,-7.464784383773803711e-02,-2.745082601904869080e-02,9.359921328723430634e-03,2.579333782196044922e-01,1.393865048885345459e-01,-1.109324693679809570e-01,-1.049936190247535706e-01,2.577003836631774902e-01,-1.536258459091186523e-01,6.067244708538055420e-02,1.160014420747756958e-01,-1.362721472978591919e-01,-9.183460474014282227e-02,-2.299870848655700684e-01,4.085363447666168213e-02,4.373095631599426270e-01,1.131743043661117554e-01,-8.941424638032913208e-02,3.428313508629798889e-02,-4.914519190788269043e-02,-1.760773546993732452e-02,-1.160173770040273666e-02,3.355215489864349365e-02,-1.356357634067535400e-01,-1.976156793534755707e-02,-1.084792390465736389e-01,1.275451853871345520e-02,1.924727112054824829e-01,4.173312336206436157e-02,4.504616372287273407e-04,2.281736880540847778e-01,4.095889255404472351e-02,6.829886138439178467e-02,-2.440458536148071289e-02,-4.296496510505676270e-03,-1.431572884321212769e-01,-4.866941273212432861e-02,-5.189407616853713989e-02,-1.245379541069269180e-02,3.820538520812988281e-02,-8.805749565362930298e-02,8.715823292732238770e-02,8.138246089220046997e-02,-1.958739161491394043e-01,1.563783884048461914e-01,-4.631159454584121704e-02,1.055646911263465881e-01,3.922417387366294861e-02,1.596056222915649414e-01,-6.506001204252243042e-02,-4.444047436118125916e-02,1.179162934422492981e-01,-2.264880836009979248e-01,2.014985084533691406e-01,1.023842021822929382e-01,7.514018565416336060e-02,1.139513701200485229e-01,2.694877237081527710e-02,5.311322212219238281e-02,5.274862796068191528e-02,-6.723489612340927124e-03,-1.423756033182144165e-01,-7.752975821495056152e-02,3.237022086977958679e-02,-1.389601230621337891e-01,8.404838293790817261e-02,9.459771215915679932e-02
-1.067750304937362671e-01,8.484198898077011108e-02,2.985623851418495178e-02,1.410495862364768982e-02,-7.129123806953430176e-02,-6.247467547655105591e-02,-3.417366743087768555e-02,-9.985274076461791992e-02,2.123176455497741699e-01,-1.211252585053443909e-01,2.533443272113800049e-01,4.109002649784088135e-02,-1.926397532224655151e-01,-9.222724288702011108e-02,-2.870580181479454041e-03,1.206210404634475708e-01,-9.635067731142044067e-02,-1.092167347669601440e-01,-8.083413541316986084e-02,-6.633637845516204834e-02,5.095439404249191284e-02,-2.694114856421947479e-02,2.038488909602165222e-02,8.290218561887741089e-02,-1.349936574697494507e-01,-3.270616233348846436e-01,-7.392285764217376709e-02,-1.053461581468582153e-01,1.780774444341659546e-01,-6.732526421546936035e-02,-3.870887309312820435e-02,7.481174916028976440e-02,-1.131503582000732422e-01,-5.680840462446212769e-02,1.673530600965023041e-02,1.040241122245788574e-01,2.139448374509811401e-02,-5.666858982294797897e-03,2.529416382312774658e-01,-4.557922109961509705e-02,-2.030146867036819458e-01,2.185823023319244385e-02,3.626966103911399841e-02,2.748457491397857666e-01,1.417750418186187744e-01,7.655174285173416138e-02,1.050082296133041382e-01,-2.682139165699481964e-03,2.280902415513992310e-01,-2.118506133556365967e-01,1.117097660899162292e-01,6.481967121362686157e-02,1.890749037265777588e-01,2.714060992002487183e-02,1.089127361774444580e-01,-2.569512426853179932e-01,-2.522021904587745667e-02,1.395780593156814575e-01,-2.214887589216232300e-01,1.279842853546142578e-01,3.221389278769493103e-02,-7.405142486095428467e-02,-3.467920795083045959e-02,9.977752342820167542e-03,2.581146061420440674e-01,1.393961012363433838e-01,-1.080713272094726562e-01,-1.022599637508392334e-01,2.550584673881530762e-01,-1.658618599176406860e-01,6.035913154482841492e-02,1.071063354611396790e-01,-1.331237703561782837e-01,-9.459731727838516235e-02,-2.425262182950973511e-01,4.802101477980613708e-02,4.605015218257904053e-01,1.252805143594741821e-01,-8.185473084449768066e-02,4.506455734372138977e-02,-4.426999017596244812e-02,-1.487356983125209808e-02,-7.630595471709966660e-03,4.335074126720428467e-02,-1.390861868858337402e-01,-1.499346084892749786e-02,-1.019902229309082031e-01,2.614483609795570374e-02,1.969750225543975830e-01,5.631422251462936401e-02,-2.574973739683628082e-03,2.175578027963638306e-01,3.462617471814155579e-02,7.090727239847183228e-02,-2.015376091003417969e-02,2.777976216748356819e-03,-1.464184075593948364e-01,-6.252138316631317139e-02,-4.295646771788597107e-02,-2.072604745626449585e-02,3.777777403593063354e-02,-9.128834307193756104e-02,8.835406601428985596e-02,8.211372047662734985e-02,-1.987844556570053101e-01,1.446275115013122559e-01,-4.890413582324981689e-02,1.071916371583938599e-01,3.448177129030227661e-02,1.679293662309646606e-01,-7.542748749256134033e-02,-4.573835432529449463e-02,1.101851612329483032e-01,-2.318660318851470947e-01,2.157015949487686157e-01,1.081494539976119995e-01,6.937715411186218262e-02,1.155875623226165771e-01,3.794869780540466309e-02,5.181869119405746460e-02,5.531946569681167603e-02,-1.841593347489833832e-02,-1.380777060985565186e-01,-8.065441250801086426e-02,2.351924031972885132e-02,-1.299230903387069702e-01,8.713588118553161621e-02,8.756716549396514893e-02
-1.059671863913536072e-01,7.835086435079574585e-02,2.930191159248352051e-02,1.278780587017536163e-02,-7.830327004194259644e-02,-5.916696786880493164e-02,-3.873983025550842285e-02,-9.804981946945190430e-02,2.073117643594741821e-01,-1.351591944694519043e-01,2.442794889211654663e-01,4.313879460096359253e-02,-1.929978281259536743e-01,-9.052681177854537964e-02,4.618480801582336426e-03,1.196106076240539551e-01,-1.053795665502548218e-01,-1.193237677216529846e-01,-6.560318171977996826e-02,-6.493142992258071899e-02,6.346389651298522949e-02,-3.363065794110298157e-02,2.208004146814346313e-02,8.072305470705032349e-02,-1.382957994937896729e-01,-3.345738649368286133e-01,-8.256068825721740723e-02,-9.224960952997207642e-02,1.855753213167190552e-01,-7.070729881525039673e-02,-2.890881523489952087e-02,7.203573733568191528e-02,-1.169785559177398682e-01,-4.980509728193283081e-02,9.022606536746025085e-03,1.083514988422393799e-01,2.280235104262828827e-02,-9.032811038196086884e-03,2.522144317626953125e-01,-4.623568803071975708e-02,-2.130143344402313232e-01,2.679351717233657837e-02,3.513928130269050598e-02,2.694428563117980957e-01,1.446701288223266602e-01,8.179520815610885620e-02,1.022293642163276672e-01,-6.475922651588916779e-03,2.236426025629043579e-01,-2.177945971488952637e-01,1.246393173933029175e-01,6.704588234424591064e-02,1.779130250215530396e-01,2.918485365808010101e-02,1.103838160634040833e-01,-2.551228106021881104e-01,-2.807427570223808289e-02,1.358008682727813721e-01,-2.180308252573013306e-01,1.317491978406906128e-01,3.448916971683502197e-02,-7.686184346675872803e-02,-1.655515469610691071e-02,3.336911322548985481e-03,2.483592033386230469e-01,1.358958482742309570e-01,-1.029599159955978394e-01,-1.054223999381065369e-01,2.555083930492401123e-01,-1.741669476032257080e-01,5.548335611820220947e-02,1.086091399192810059e-01,-1.247507557272911072e-01,-9.264095872640609741e-02,-2.489995062351226807e-01,4.941479861736297607e-02,4.553272128105163574e-01,1.289376765489578247e-01,-7.168076932430267334e-02,4.654461890459060669e-02,-3.015944361686706543e-02,-2.072830125689506531e-02,-3.650756552815437317e-03,5.557226017117500305e-02,-1.328545212745666504e-01,-1.971943490207195282e-02,-9.994495660066604614e-02,3.182297945022583008e-02,1.965977698564529419e-01,5.944226682186126709e-02,-4.403511993587017059e-03,2.228107303380966187e-01,3.400405496358871460e-02,7.674136757850646973e-02,-1.087834965437650681e-02,1.911262050271034241e-02,-1.494710296392440796e-01,-5.877063423395156860e-02,-4.388465732336044312e-02,-1.760393381118774414e-02,3.467810153961181641e-02,-9.569666534662246704e-02,8.686737716197967529e-02,8.760797232389450073e-02,-1.877855509519577026e-01,1.492558121681213379e-01,-5.865950137376785278e-02,1.046186089515686035e-01,3.018448874354362488e-02,1.709977388381958008e-01,-7.856839895248413086e-02,-4.615817219018936157e-02,1.036743000149726868e-01,-2.334682345390319824e-01,2.152578979730606079e-01,1.147254183888435364e-01,6.382438540458679199e-02,1.194910928606987000e-01,4.091119021177291870e-02,6.403928995132446289e-02,5.397829413414001465e-02,-2.521655894815921783e-02,-1.396929174661636353e-01,-7.659950107336044312e-02,1.601809263229370117e-02,-1.270345449447631836e-01,8.477801829576492310e-02,9.370917081832885742e-02
-1.114994511008262634e-01,7.847643643617630005e-02,3.470181673765182495e-02,5.536055192351341248e-03,-8.125461637973785400e-02,-6.240831688046455383e-02,-4.118611663579940796e-02,-1.117072179913520813e-01,2.040269821882247925e-01,-1.339198946952819824e-01,2.463149130344390869e-01,3.757457435131072998e-02,-1.950412541627883911e-01,-9.618625044822692871e-02,-5.021564662456512451e-03,1.270060092210769653e-01,-9.972710162401199341e-02,-1.148579418659210205e-01,-7.460871338844299316e-02,-6.821671128273010254e-02,5.832012742757797241e-02,-2.204604446887969971e-02,2.153016626834869385e-02,8.748893439769744873e-02,-1.376260221004486084e-01,-3.274724185466766357e-01,-8.563450723886489868e-02,-8.106403052806854248e-02,1.790747046470642090e-01,-6.306172907352447510e-02,-3.747446089982986450e-02,7.277588546276092529e-02,-1.136792749166488647e-01,-4.923743754625320435e-02,1.712264679372310638e-02,1.110639125108718872e-01,6.495475769042968750e-03,-1.258009765297174454e-02,2.458930313587188721e-01,-4.335089772939682007e-02,-2.091937810182571411e-01,2.565391734242439270e-02,4.152643680572509766e-02,2.749362885951995850e-01,1.605536788702011108e-01,8.474415540695190430e-02,1.001906022429466248e-01,-9.114784188568592072e-03,2.282865941524505615e-01,-2.240002602338790894e-01,1.272411346435546875e-01,7.273449003696441650e-02,1.734296679496765137e-01,3.251552581787109375e-02,1.168171092867851257e-01,-2.488294392824172974e-01,-3.470164537429809570e-02,1.601410955190658569e-01,-2.170227319002151489e-01,1.306077539920806885e-01,3.506156429648399353e-02,-8.015559613704681396e-02,-1.749269478023052216e-02,-6.502519361674785614e-03,2.447570264339447021e-01,1.471312493085861206e-01,-1.140058040618896484e-01,-1.036909371614456177e-01,2.513674497604370117e-01,-1.850403845310211182e-01,5.208763107657432556e-02,1.055304855108261108e-01,-1.266719102859497070e-01,-9.562082588672637939e-02,-2.551624178886413574e-01,4.599751159548759460e-02,4.547802507877349854e-01,1.378385722637176514e-01,-7.115790247917175293e-02,3.506002575159072876e-02,-1.956995949149131775e-02,-1.456930302083492279e-02,4.237517714500427246e-03,5.511768534779548645e-02,-1.339301019906997681e-01,-2.981797978281974792e-02,-9.554797410964965820e-02,2.020303159952163696e-02,1.992450505495071411e-01,6.272660940885543823e-02,-1.532849390059709549e-03,2.354400604963302612e-01,3.634022921323776245e-02,6.569032371044158936e-02,-1.511492580175399780e-02,1.486430596560239792e-02,-1.483769118785858154e-01,-6.354250013828277588e-02,-4.013191163539886475e-02,-1.584082841873168945e-02,2.003742009401321411e-02,-9.501586854457855225e-02,9.262666851282119751e-02,8.546796441078186035e-02,-1.831880807876586914e-01,1.580196619033813477e-01,-5.738383904099464417e-02,1.153091639280319214e-01,2.754260599613189697e-02,1.565384119749069214e-01,-7.806171476840972900e-02,-4.437451437115669250e-02,1.038367003202438354e-01,-2.321484833955764771e-01,2.109994739294052124e-01,1.099889576435089111e-01,6.773041188716888428e-02,1.192141920328140259e-01,3.926451131701469421e-02,6.499366462230682373e-02,5.204126238822937012e-02,-2.498678304255008698e-02,-1.274954676628112793e-01,-7.612278312444686890e-02,2.047403529286384583e-02,-1.352955549955368042e-01,9.308152645826339722e-02,9.094884991645812988e-02
-1.146155521273612976e-01,8.821521699428558350e-02,4.428008198738098145e-02,3.609575098380446434e-03,-6.077532842755317688e-02,-7.251098006963729858e-02,-4.975534230470657349e-02,-1.210426762700080872e-01,1.921912282705307007e-01,-1.275467872619628906e-01,2.532871663570404053e-01,2.465327084064483643e-02,-2.051201760768890381e-01,-1.020198836922645569e-01,-1.343116909265518188e-02,1.198095977306365967e-01,-9.045289456844329834e-02,-1.217731088399887085e-01,-6.306194514036178589e-02,-5.658449977636337280e-02,6.273245066404342651e-02,-1.784184388816356659e-02,1.434326823800802231e-02,9.478542953729629517e-02,-1.303999274969100952e-01,-3.284154832363128662e-01,-8.412730693817138672e-02,-6.994599103927612305e-02,1.588354855775833130e-01,-6.559571623802185059e-02,-4.846528545022010803e-02,6.441647559404373169e-02,-1.188226640224456787e-01,-3.376886621117591858e-02,1.654295809566974640e-02,1.167747676372528076e-01,2.282567508518695831e-02,5.464052781462669373e-03,2.466598749160766602e-01,-4.205368086695671082e-02,-2.059984505176544189e-01,2.023271471261978149e-02,4.766204953193664551e-02,2.798232138156890869e-01,1.577003896236419678e-01,9.011165797710418701e-02,9.506507217884063721e-02,-2.462490461766719818e-03,2.130031436681747437e-01,-2.192295193672180176e-01,1.244436353445053101e-01,8.248362690210342407e-02,1.860132068395614624e-01,2.213509939610958099e-02,1.099679023027420044e-01,-2.545732259750366211e-01,-5.382104963064193726e-02,1.581999063491821289e-01,-2.129628509283065796e-01,1.332397460937500000e-01,4.138172045350074768e-02,-7.674358785152435303e-02,-2.387279644608497620e-02,-7.512073963880538940e-03,2.444307953119277954e-01,1.501399576663970947e-01,-1.221549734473228455e-01,-1.092023998498916626e-01,2.504439651966094971e-01,-1.982488185167312622e-01,4.871504753828048706e-02,1.041637361049652100e-01,-1.158336624503135681e-01,-9.610101580619812012e-02,-2.488690316677093506e-01,3.998425975441932678e-02,4.382245838642120361e-01,1.383963674306869507e-01,-8.810714632272720337e-02,3.142946958541870117e-02,-2.674206160008907318e-02,-1.069472078233957291e-02,6.817392073571681976e-03,3.176544234156608582e-02,-1.350647360086441040e-01,-1.125899795442819595e-02,-1.136544197797775269e-01,1.327753253281116486e-02,2.046804279088973999e-01,7.481360435485839844e-02,9.110263548791408539e-03,2.311010658740997314e-01,3.404051810503005981e-02,6.832002103328704834e-02,-1.784560829401016235e-02,1.007004547864198685e-02,-1.413695216178894043e-01,-5.985021963715553284e-02,-5.013336986303329468e-02,-6.540038622915744781e-03,-3.773670643568038940e-03,-9.285808354616165161e-02,9.133015573024749756e-02,8.776818960905075073e-02,-1.882726252079010010e-01,1.553020924329757690e-01,-5.143233388662338257e-02,1.081857234239578247e-01,1.493338216096162796e-02,1.727434992790222168e-01,-8.038216829299926758e-02,-5.124859511852264404e-02,1.003383547067642212e-01,-2.392422556877136230e-01,2.001237720251083374e-01,1.051487252116203308e-01,7.148005068302154541e-02,1.153228506445884705e-01,3.492994606494903564e-02,7.005283236503601074e-02,5.435640364885330200e-02,-3.136271983385086060e-02,-1.268272101879119873e-01,-8.541862666606903076e-02,1.131679490208625793e-02,-1.390602588653564453e-01,1.014477089047431946e-01,9.289942681789398193e-02
-1.138004213571548462e-01,9.163309633731842041e-02,5.344216153025627136e-02,-4.853065125644207001e-03,-5.618476122617721558e-02,-7.899366319179534912e-02,-4.327202588319778442e-02,-1.187945008277893066e-01,1.885557919740676880e-01,-1.299604624509811401e-01,2.468742281198501587e-01,2.290161512792110443e-02,-2.194164395332336426e-01,-9.669124335050582886e-02,-9.153680875897407532e-03,1.140698641538619995e-01,-8.321566879749298096e-02,-1.279415488243103027e-01,-5.842217803001403809e-02,-6.763342767953872681e-02,8.544722944498062134e-02,-3.302689269185066223e-02,-1.901516225188970566e-04,9.121513366699218750e-02,-1.426466256380081177e-01,-3.292622864246368408e-01,-8.566914498805999756e-02,-4.881748929619789124e-02,1.403135061264038086e-01,-7.749874889850616455e-02,-4.036207869648933411e-02,6.006496399641036987e-02,-1.239848583936691284e-01,-2.561737410724163055e-02,-3.567682579159736633e-03,1.074768602848052979e-01,2.868296764791011810e-02,-1.515690237283706665e-04,2.297201901674270630e-01,-3.797583281993865967e-02,-2.101098895072937012e-01,2.512053400278091431e-02,4.551991075277328491e-02,2.707540690898895264e-01,1.594797968864440918e-01,8.345524966716766357e-02,1.008844897150993347e-01,-1.751806586980819702e-03,1.937287747859954834e-01,-2.221793979406356812e-01,1.183558776974678040e-01,8.827666193246841431e-02,1.670974195003509521e-01,2.172275260090827942e-02,1.143800020217895508e-01,-2.482600063085556030e-01,-6.489693373441696167e-02,1.529292911291122437e-01,-2.139110416173934937e-01,1.354427486658096313e-01,4.728116095066070557e-02,-8.325366675853729248e-02,-2.218319289386272430e-02,-1.834934018552303314e-02,2.254465371370315552e-01,1.578119099140167236e-01,-1.214327737689018250e-01,-1.048307120800018311e-01,2.565370798110961914e-01,-2.086979448795318604e-01,3.911257535219192505e-02,8.084519207477569580e-02,-1.035714671015739441e-01,-1.022969186305999756e-01,-2.545200288295745850e-01,5.083540827035903931e-02,4.253349602222442627e-01,1.533071696758270264e-01,-8.978287875652313232e-02,4.000893235206604004e-02,-2.544954419136047363e-02,-2.654153387993574142e-03,1.775133796036243439e-02,2.954688668251037598e-02,-1.321130692958831787e-01,2.055719494819641113e-03,-1.092656254768371582e-01,2.410177886486053467e-02,2.006491422653198242e-01,8.872048556804656982e-02,9.374855086207389832e-03,2.390666455030441284e-01,3.376772999763488770e-02,6.427834182977676392e-02,-7.057953625917434692e-03,1.864802092313766479e-02,-1.441887766122817993e-01,-5.497134849429130554e-02,-5.574652552604675293e-02,7.897102274000644684e-03,-1.372054778039455414e-02,-1.075937375426292419e-01,9.330718964338302612e-02,8.994147926568984985e-02,-1.767827123403549194e-01,1.548940092325210571e-01,-5.019225180149078369e-02,1.040496826171875000e-01,-3.592715598642826080e-03,1.858691275119781494e-01,-8.232096582651138306e-02,-5.280526727437973022e-02,8.441592007875442505e-02,-2.403709590435028076e-01,1.941437721252441406e-01,1.174834817647933960e-01,6.822896003723144531e-02,1.151616722345352173e-01,3.941167891025543213e-02,7.522395253181457520e-02,6.387352198362350464e-02,-3.657069802284240723e-02,-1.176357939839363098e-01,-8.227368444204330444e-02,-1.032734289765357971e-04,-1.317405402660369873e-01,9.800612181425094604e-02,1.019711047410964966e-01
-1.274043470621109009e-01,7.922136783599853516e-02,6.357757002115249634e-02,-9.776268154382705688e-03,-6.635665893554687500e-02,-7.667025923728942871e-02,-3.906491026282310486e-02,-1.106969565153121948e-01,1.888946443796157837e-01,-1.221765130758285522e-01,2.433090358972549438e-01,2.100746706128120422e-02,-2.127948701381683350e-01,-8.676752448081970215e-02,-1.914404705166816711e-02,1.102442443370819092e-01,-8.153848350048065186e-02,-1.149045825004577637e-01,-6.426470726728439331e-02,-6.607465445995330811e-02,8.573287725448608398e-02,-2.664569765329360962e-02,9.678312577307224274e-03,8.856413513422012329e-02,-1.352648884057998657e-01,-3.329436182975769043e-01,-8.639806509017944336e-02,-4.911982268095016479e-02,1.363861709833145142e-01,-6.461153924465179443e-02,-3.913826495409011841e-02,5.086836963891983032e-02,-1.171011328697204590e-01,-2.271808125078678131e-02,-1.047091372311115265e-02,1.112208738923072815e-01,2.204659767448902130e-02,-3.672807477414608002e-03,2.329347431659698486e-01,-4.001458734273910522e-02,-2.102529108524322510e-01,4.088322073221206665e-02,4.538919031620025635e-02,2.714910507202148438e-01,1.548993289470672607e-01,8.665385097265243530e-02,9.873004257678985596e-02,-4.979092627763748169e-04,1.947481036186218262e-01,-2.161539644002914429e-01,1.251796633005142212e-01,9.205256402492523193e-02,1.643873900175094604e-01,1.821234636008739471e-02,1.193282231688499451e-01,-2.471775412559509277e-01,-6.168008968234062195e-02,1.617826819419860840e-01,-2.084931582212448120e-01,1.356443464756011963e-01,4.294829815626144409e-02,-7.403713464736938477e-02,-1.593756116926670074e-02,-2.672407589852809906e-02,2.283347100019454956e-01,1.725780963897705078e-01,-1.170722320675849915e-01,-1.141458228230476379e-01,2.586413323879241943e-01,-1.977635920047760010e-01,3.726967424154281616e-02,7.841953635215759277e-02,-1.214084178209304810e-01,-9.528008103370666504e-02,-2.474911957979202271e-01,5.638379231095314026e-02,4.258863627910614014e-01,1.445370912551879883e-01,-8.808645606040954590e-02,3.282979130744934082e-02,-3.284053504467010498e-02,3.322334960103034973e-03,1.395622082054615021e-02,3.097295574843883514e-02,-1.322330236434936523e-01,-4.071265459060668945e-03,-1.110500246286392212e-01,1.878075674176216125e-02,1.904103010892868042e-01,8.350031077861785889e-02,3.970346413552761078e-03,2.363074719905853271e-01,4.756430536508560181e-02,5.974808707833290100e-02,-1.086018979549407959e-02,8.100315928459167480e-03,-1.477920264005661011e-01,-4.346263781189918518e-02,-5.929465591907501221e-02,1.188540272414684296e-02,-8.436175063252449036e-03,-1.061831712722778320e-01,9.945926815271377563e-02,8.720780909061431885e-02,-1.802357435226440430e-01,1.547937095165252686e-01,-4.925569519400596619e-02,1.046244949102401733e-01,4.972880706191062927e-04,1.873015463352203369e-01,-8.039380609989166260e-02,-4.624535143375396729e-02,8.808401972055435181e-02,-2.375915497541427612e-01,2.061281353235244751e-01,1.151415556669235229e-01,7.844685018062591553e-02,1.172255724668502808e-01,3.997686132788658142e-02,7.632811367511749268e-02,6.256921589374542236e-02,-1.754389889538288116e-02,-1.185086369514465332e-01,-7.202627509832382202e-02,-3.856119699776172638e-03,-1.295127272605895996e-01,9.594087302684783936e-02,1.189399734139442444e-01
-1.383327245712280273e-01,6.772530823945999146e-02,5.595866218209266663e-02,-8.545754477381706238e-03,-6.433539837598800659e-02,-8.125790953636169434e-02,-4.140327125787734985e-02,-1.073494628071784973e-01,1.822666525840759277e-01,-1.065231040120124817e-01,2.494962364435195923e-01,1.561976317316293716e-02,-2.017209082841873169e-01,-8.951008319854736328e-02,-2.553098648786544800e-02,1.061565056443214417e-01,-8.356006443500518799e-02,-1.091771498322486877e-01,-5.241423845291137695e-02,-6.357849389314651489e-02,8.569645136594772339e-02,-2.454846538603305817e-02,3.011086257174611092e-03,8.983790874481201172e-02,-1.438149511814117432e-01,-3.283105194568634033e-01,-9.477788954973220825e-02,-5.443158000707626343e-02,1.446683704853057861e-01,-6.221770867705345154e-02,-4.023202881217002869e-02,5.728530883789062500e-02,-1.178376227617263794e-01,-2.792354300618171692e-02,6.018699146807193756e-03,1.217326819896697998e-01,2.254882454872131348e-02,-1.159125939011573792e-03,2.220568507909774780e-01,-4.205930233001708984e-02,-1.979498714208602905e-01,2.991858869791030884e-02,4.926871508359909058e-02,2.782651782035827637e-01,1.496334671974182129e-01,9.162810444831848145e-02,9.890895336866378784e-02,-1.385325565934181213e-03,1.903144866228103638e-01,-2.161381095647811890e-01,1.327679008245468140e-01,8.551145344972610474e-02,1.658789813518524170e-01,3.113398700952529907e-02,1.097135022282600403e-01,-2.493034601211547852e-01,-5.905230715870857239e-02,1.739351451396942139e-01,-2.118624746799468994e-01,1.395468115806579590e-01,3.662658855319023132e-02,-7.052469998598098755e-02,-1.855431497097015381e-02,-2.984744869172573090e-02,2.342993468046188354e-01,1.780387759208679199e-01,-1.257539391517639160e-01,-1.148460358381271362e-01,2.575883865356445312e-01,-1.999781429767608643e-01,3.845715895295143127e-02,7.829285413026809692e-02,-1.156286299228668213e-01,-9.764280170202255249e-02,-2.518807947635650635e-01,5.834350734949111938e-02,4.190148413181304932e-01,1.438213437795639038e-01,-9.036469459533691406e-02,3.230380639433860779e-02,-2.909150347113609314e-02,5.249356850981712341e-03,5.208882037550210953e-03,3.014701604843139648e-02,-1.396920680999755859e-01,8.425512351095676422e-03,-1.063120961189270020e-01,9.530315175652503967e-03,1.934485137462615967e-01,8.747818320989608765e-02,1.078461110591888428e-02,2.364015430212020874e-01,4.049380868673324585e-02,6.104882061481475830e-02,-2.110352739691734314e-03,1.332231890410184860e-02,-1.428385525941848755e-01,-5.411437898874282837e-02,-5.024531111121177673e-02,5.745282396674156189e-03,-7.984437979757785797e-03,-1.138937249779701233e-01,9.921343624591827393e-02,9.339350461959838867e-02,-1.865251958370208740e-01,1.672839820384979248e-01,-4.964541271328926086e-02,1.074896231293678284e-01,2.782410010695457458e-04,1.756177842617034912e-01,-6.797181069850921631e-02,-4.285583272576332092e-02,9.325493872165679932e-02,-2.436913102865219116e-01,2.070340812206268311e-01,1.134561374783515930e-01,8.811013400554656982e-02,1.285051107406616211e-01,3.576041385531425476e-02,7.431479543447494507e-02,5.499179661273956299e-02,-1.971630565822124481e-02,-1.159051284193992615e-01,-6.601401418447494507e-02,-6.070207804441452026e-03,-1.387951523065567017e-01,8.860422670841217041e-02,1.161049604415893555e-01
