-4.803969338536262512e-02,1.451964974403381348e-01,8.197243511676788330e-02,3.177608177065849304e-02,-5.258635804057121277e-02,3.303775098174810410e-03,-4.079765453934669495e-02,-8.639229089021682739e-02,1.532799899578094482e-01,-7.826155051589012146e-03,2.724749445915222168e-01,-5.014090612530708313e-02,-1.537172049283981323e-01,-1.706974953413009644e-01,9.108649194240570068e-02,1.390060335397720337e-01,-1.390298455953598022e-01,-1.633767783641815186e-01,-7.041127234697341919e-02,-8.472576737403869629e-02,-1.438505016267299652e-03,-2.743368223309516907e-02,-1.226342096924781799e-02,3.297976031899452209e-02,-2.124030143022537231e-01,-4.416595697402954102e-01,-2.480647899210453033e-02,-8.570986986160278320e-02,6.176061183214187622e-02,-5.884024873375892639e-02,-5.062170699238777161e-02,1.117288097739219666e-01,-2.166273444890975952e-01,-1.082342341542243958e-01,3.748841956257820129e-02,1.287943720817565918e-01,1.877444423735141754e-02,2.467516809701919556e-02,1.155905947089195251e-01,3.399889543652534485e-02,-1.522808372974395752e-01,3.703437000513076782e-02,5.106267705559730530e-02,3.148341774940490723e-01,1.555502712726593018e-01,5.787392705678939819e-02,8.026226609945297241e-02,2.496673166751861572e-02,4.018306359648704529e-02,-2.023113518953323364e-01,5.120014399290084839e-02,1.358367055654525757e-01,1.205645129084587097e-01,2.973020449280738831e-02,4.123802483081817627e-02,-1.563586741685867310e-01,-6.591884046792984009e-02,8.395026624202728271e-02,-2.006665468215942383e-01,1.110192015767097473e-01,7.259886711835861206e-02,-5.584924668073654175e-02,-7.338602095842361450e-02,-6.604204326868057251e-02,2.967623174190521240e-01,1.162097007036209106e-01,-1.040562689304351807e-01,-8.293498307466506958e-02,1.503837406635284424e-01,-4.409419000148773193e-02,-1.316438242793083191e-02,-9.177196770906448364e-04,-1.402377933263778687e-01,-1.475942730903625488e-01,-3.176229596138000488e-01,1.162183135747909546e-01,4.554468989372253418e-01,5.921002477407455444e-02,-2.514894008636474609e-01,-1.910253614187240601e-02,-9.474962204694747925e-02,6.048251409083604813e-03,1.018691807985305786e-02,6.181136704981327057e-03,-8.996133506298065186e-02,3.129517287015914917e-02,-1.119173988699913025e-01,6.492351740598678589e-02,2.057964205741882324e-01,4.600201919674873352e-02,-5.029993131756782532e-03,1.867123097181320190e-01,-3.195817023515701294e-02,1.076846942305564880e-02,2.541756629943847656e-02,9.778056293725967407e-03,-1.102792024612426758e-01,-1.788865774869918823e-02,-1.799196600914001465e-01,-8.673328906297683716e-02,4.009936004877090454e-02,-1.143404096364974976e-01,2.456634305417537689e-02,1.201623156666755676e-01,-2.215768992900848389e-01,1.444186866283416748e-01,5.013795197010040283e-02,-5.308702122420072556e-03,3.978103026747703552e-02,1.346245706081390381e-01,-1.157000362873077393e-01,-9.744998812675476074e-02,1.802766919136047363e-01,-2.277140617370605469e-01,1.799929887056350708e-01,2.050110697746276855e-01,1.092644110321998596e-01,1.365066766738891602e-01,7.059477269649505615e-02,6.039070710539817810e-02,-9.336829185485839844e-03,1.437226124107837677e-02,-1.036055311560630798e-01,-5.912876501679420471e-02,7.319758646190166473e-03,-7.670215517282485962e-02,4.096694663166999817e-02,7.340274006128311157e-02
-4.537979140877723694e-02,1.011669561266899109e-01,8.233872056007385254e-02,2.798070013523101807e-02,-2.894364064559340477e-03,-3.169330954551696777e-02,-5.424796044826507568e-02,-6.836682558059692383e-02,1.343020796775817871e-01,1.728989183902740479e-03,2.694268822669982910e-01,-4.165381193161010742e-02,-1.518591642379760742e-01,-1.695913523435592651e-01,5.996279790997505188e-02,1.568257063627243042e-01,-1.760403513908386230e-01,-1.177536025643348694e-01,-8.600571006536483765e-02,-2.001761086285114288e-02,-1.851575449109077454e-02,1.161470916122198105e-02,3.238532319664955139e-02,3.969419375061988831e-02,-1.677242815494537354e-01,-4.316872656345367432e-01,-5.646916106343269348e-03,-1.346891671419143677e-01,9.558247029781341553e-02,1.449837535619735718e-02,-8.047951012849807739e-02,8.453573286533355713e-02,-1.810613572597503662e-01,-1.127123534679412842e-01,8.370728045701980591e-02,1.375609934329986572e-01,-2.223768085241317749e-02,4.542930796742439270e-02,2.138108462095260620e-01,3.169433772563934326e-02,-1.859077811241149902e-01,6.734573096036911011e-02,4.029020667076110840e-02,3.234968781471252441e-01,1.879421919584274292e-01,5.755641311407089233e-02,1.142448857426643372e-01,-5.450785905122756958e-02,9.335894882678985596e-02,-2.145673483610153198e-01,1.184145212173461914e-01,1.337600797414779663e-01,1.444586068391799927e-01,6.203718110918998718e-02,6.417334079742431641e-02,-1.327330768108367920e-01,-2.705708518624305725e-02,6.258526444435119629e-02,-1.940180808305740356e-01,1.088831201195716858e-01,1.329346895217895508e-01,-6.076542660593986511e-03,2.372881397604942322e-03,-2.520702593028545380e-02,2.770916521549224854e-01,4.734472930431365967e-02,-1.183421537280082703e-01,-9.015884995460510254e-02,1.258487254381179810e-01,-9.323308616876602173e-02,-1.261718571186065674e-03,6.144014373421669006e-02,-1.152241528034210205e-01,-1.415372639894485474e-01,-3.208642601966857910e-01,7.376708090305328369e-02,4.652636647224426270e-01,7.969931513071060181e-02,-2.314987480640411377e-01,-6.509670987725257874e-03,-1.049426198005676270e-01,-7.246491312980651855e-02,9.752409160137176514e-02,4.451641440391540527e-02,-4.647431522607803345e-02,2.497442066669464111e-02,-8.805020898580551147e-02,4.639499634504318237e-02,2.438450455665588379e-01,1.362236775457859039e-02,1.064434763975441456e-03,1.871359199285507202e-01,2.842680178582668304e-02,3.097979724407196045e-02,2.901474758982658386e-02,7.154575549066066742e-03,-7.911475002765655518e-02,-2.906306646764278412e-03,-1.734070777893066406e-01,-3.144579380750656128e-02,-6.501235067844390869e-03,-5.640544742345809937e-02,5.371956527233123779e-02,6.427840888500213623e-02,-1.964803040027618408e-01,1.701342910528182983e-01,5.076280236244201660e-02,6.749785505235195160e-03,5.909089371562004089e-02,1.105353534221649170e-01,-1.308057904243469238e-01,-9.906653314828872681e-02,1.792793869972229004e-01,-2.155553847551345825e-01,1.947619169950485229e-01,1.492026597261428833e-01,1.426617950201034546e-01,9.925229847431182861e-02,7.292219996452331543e-02,4.875859618186950684e-02,-1.238974463194608688e-02,6.625995039939880371e-03,-1.302744001150131226e-01,-4.020484536886215210e-02,1.971824467182159424e-02,-4.638851433992385864e-02,1.073508858680725098e-01,7.198689877986907959e-02
-3.228418529033660889e-02,1.162045300006866455e-01,8.721072971820831299e-02,1.520385965704917908e-02,-2.684742212295532227e-02,-1.747320406138896942e-02,-7.486640661954879761e-02,-6.939501315355300903e-02,1.421395987272262573e-01,-1.545019447803497314e-02,2.691686749458312988e-01,-4.028755798935890198e-02,-1.671868264675140381e-01,-1.751569807529449463e-01,5.953630805015563965e-02,1.662161946296691895e-01,-1.682745516300201416e-01,-1.385634243488311768e-01,-9.185621887445449829e-02,-3.350883722305297852e-02,-2.999189496040344238e-02,1.636748202145099640e-02,3.483882918953895569e-02,4.116956144571304321e-02,-1.820899248123168945e-01,-4.337517619132995605e-01,-1.007046177983283997e-02,-1.359481811523437500e-01,9.727349877357482910e-02,3.997750114649534225e-03,-1.011265665292739868e-01,6.454425305128097534e-02,-1.722334921360015869e-01,-1.143819466233253479e-01,9.154339134693145752e-02,1.452430784702301025e-01,-2.485898137092590332e-02,2.115462720394134521e-02,2.161023318767547607e-01,2.308005094528198242e-02,-1.894190460443496704e-01,8.687265962362289429e-02,4.479818791151046753e-02,3.164459168910980225e-01,1.696052998304367065e-01,5.550761893391609192e-02,1.204611212015151978e-01,-5.535583943128585815e-02,1.182480752468109131e-01,-2.107143253087997437e-01,1.389055997133255005e-01,1.386697292327880859e-01,1.479887813329696655e-01,5.928149074316024780e-02,7.082732766866683960e-02,-1.369052827358245850e-01,-3.111016005277633667e-02,1.088745146989822388e-01,-2.092725038528442383e-01,1.184137240052223206e-01,1.245817765593528748e-01,-1.899597793817520142e-02,-2.101818099617958069e-02,-3.934883326292037964e-02,2.726058065891265869e-01,7.795228064060211182e-02,-1.226199418306350708e-01,-1.083601340651512146e-01,1.294159889221191406e-01,-8.941640704870223999e-02,-9.805792942643165588e-03,5.545170605182647705e-02,-1.185971125960350037e-01,-1.265257894992828369e-01,-3.194599151611328125e-01,8.024080097675323486e-02,4.672704339027404785e-01,7.707291841506958008e-02,-2.400053143501281738e-01,-9.716487489640712738e-03,-8.237776160240173340e-02,-6.783083081245422363e-02,7.349951565265655518e-02,5.182892084121704102e-02,-6.013914197683334351e-02,1.607966795563697815e-02,-9.076891094446182251e-02,4.368929564952850342e-02,2.420170754194259644e-01,1.419776864349842072e-02,8.703678846359252930e-03,1.876081824302673340e-01,3.383848816156387329e-02,3.907748684287071228e-02,3.209719061851501465e-02,1.668486744165420532e-02,-1.056898459792137146e-01,-1.884279213845729828e-02,-1.622852236032485962e-01,-3.238188475370407104e-02,7.751493714749813080e-03,-6.850288808345794678e-02,3.827596828341484070e-02,5.700487270951271057e-02,-2.005370110273361206e-01,1.733157485723495483e-01,4.186630249023437500e-02,-1.276672817766666412e-03,6.025076657533645630e-02,1.103619858622550964e-01,-1.127242520451545715e-01,-1.010446697473526001e-01,1.856045275926589966e-01,-2.229840457439422607e-01,2.006751894950866699e-01,1.518501341342926025e-01,1.489225476980209351e-01,1.115533262491226196e-01,7.789889723062515259e-02,4.648710414767265320e-02,-4.694822244346141815e-03,3.112334758043289185e-03,-1.341233551502227783e-01,-6.588845700025558472e-02,2.256717346608638763e-02,-5.725301802158355713e-02,1.091528087854385376e-01,7.883170247077941895e-02
-5.625989288091659546e-02,1.348592340946197510e-01,6.224624067544937134e-02,1.472124643623828888e-02,-4.968453198671340942e-02,1.559236459434032440e-02,-4.641346260905265808e-02,-6.991647183895111084e-02,1.797862946987152100e-01,-1.395941898226737976e-02,2.370687872171401978e-01,-3.582803905010223389e-02,-1.633382141590118408e-01,-1.600768715143203735e-01,6.404405087232589722e-02,1.644399911165237427e-01,-1.805868595838546753e-01,-1.503719389438629150e-01,-8.733786642551422119e-02,-4.158680886030197144e-02,-4.378416016697883606e-02,-8.422556333243846893e-03,3.002867475152015686e-02,4.105345904827117920e-02,-1.576429605484008789e-01,-4.308715760707855225e-01,8.296460844576358795e-03,-1.255556046962738037e-01,9.692721068859100342e-02,3.118962515145540237e-03,-7.663451135158538818e-02,9.411878883838653564e-02,-1.994200348854064941e-01,-1.592110842466354370e-01,8.491399884223937988e-02,1.550588011741638184e-01,-1.638429239392280579e-02,3.513927385210990906e-02,2.080096304416656494e-01,2.816870063543319702e-02,-1.618375629186630249e-01,4.416048899292945862e-02,5.284816399216651917e-02,3.350687921047210693e-01,1.441833674907684326e-01,6.803908199071884155e-02,9.450268000364303589e-02,-3.035093843936920166e-02,9.773012995719909668e-02,-2.242056727409362793e-01,9.804980456829071045e-02,1.371845006942749023e-01,1.535038352012634277e-01,4.995621368288993835e-02,7.463415712118148804e-02,-1.491631716489791870e-01,-2.033852972090244293e-02,1.017941534519195557e-01,-2.020660042762756348e-01,1.388939619064331055e-01,1.138818785548210144e-01,-2.332133986055850983e-02,-2.647073008120059967e-02,-5.953810364007949829e-02,3.018879592418670654e-01,6.963143497705459595e-02,-9.521078318357467651e-02,-9.759552776813507080e-02,1.420576721429824829e-01,-4.001046717166900635e-02,-1.559239998459815979e-02,4.746714979410171509e-02,-1.219583228230476379e-01,-1.459520757198333740e-01,-3.168341219425201416e-01,8.131913095712661743e-02,4.515572786331176758e-01,1.089455857872962952e-01,-2.216735780239105225e-01,-2.893697097897529602e-02,-8.785751461982727051e-02,-5.243737995624542236e-02,5.194924771785736084e-02,4.293128475546836853e-02,-6.792739778757095337e-02,1.855228468775749207e-02,-7.262287288904190063e-02,4.781452566385269165e-02,2.145392298698425293e-01,2.955113351345062256e-02,-1.769862882792949677e-02,1.809934675693511963e-01,1.724893227219581604e-02,1.953324489295482635e-02,1.050265971571207047e-03,-6.048183422535657883e-03,-9.410903602838516235e-02,-8.509345352649688721e-04,-2.091655582189559937e-01,-6.694750487804412842e-02,3.881349787116050720e-02,-6.678745895624160767e-02,6.394284218549728394e-02,8.649156987667083740e-02,-2.183103859424591064e-01,1.127282008528709412e-01,2.992553822696208954e-02,-7.740666158497333527e-03,5.568207800388336182e-02,1.192707121372222900e-01,-1.350487023591995239e-01,-9.119895845651626587e-02,2.022485733032226562e-01,-2.267693430185317993e-01,2.064111232757568359e-01,1.938958466053009033e-01,1.188513711094856262e-01,1.066164746880531311e-01,8.504505455493927002e-02,3.471936658024787903e-02,2.152622491121292114e-02,8.419767953455448151e-03,-1.177496910095214844e-01,-7.222384214401245117e-02,3.524486720561981201e-02,-5.117012932896614075e-02,8.985347300767898560e-02,8.213726431131362915e-02
-7.213447708636522293e-03,1.226653456687927246e-01,7.007369399070739746e-02,4.912046715617179871e-03,-1.034300588071346283e-02,4.607152659446001053e-03,-5.218951776623725891e-02,-6.840281188488006592e-02,1.855964958667755127e-01,2.640726510435342789e-03,2.596598267555236816e-01,-3.763629496097564697e-02,-1.665920764207839966e-01,-1.734830439090728760e-01,6.557323038578033447e-02,1.577201783657073975e-01,-1.732622087001800537e-01,-1.456134319305419922e-01,-8.311847597360610962e-02,-1.820485666394233704e-02,-3.408186882734298706e-02,-4.833874292671680450e-03,3.751973807811737061e-02,3.638032078742980957e-02,-1.636871695518493652e-01,-4.282306134700775146e-01,-5.431423895061016083e-03,-1.400923430919647217e-01,9.006135910749435425e-02,-3.966330550611019135e-03,-9.182607382535934448e-02,8.577819913625717163e-02,-1.975990086793899536e-01,-1.376274526119232178e-01,7.328224927186965942e-02,1.400641649961471558e-01,-1.848596520721912384e-02,3.746374696493148804e-02,2.089902758598327637e-01,4.968192800879478455e-02,-1.699965745210647583e-01,7.530584931373596191e-02,4.007706046104431152e-02,3.116647899150848389e-01,1.465605795383453369e-01,7.215265184640884399e-02,9.535230696201324463e-02,-3.344615548849105835e-02,9.899061173200607300e-02,-2.394236773252487183e-01,1.253690123558044434e-01,1.369649767875671387e-01,1.616063714027404785e-01,4.631615430116653442e-02,8.285419642925262451e-02,-1.460832655429840088e-01,-3.750517964363098145e-02,9.950813651084899902e-02,-2.204600274562835693e-01,1.454174667596817017e-01,1.115979328751564026e-01,8.025225251913070679e-03,-3.587822616100311279e-02,-5.084277689456939697e-02,2.977522015571594238e-01,1.007696613669395447e-01,-1.141088381409645081e-01,-8.455635607242584229e-02,1.188278570771217346e-01,-6.267677992582321167e-02,-1.442861929535865784e-02,4.579360783100128174e-02,-1.079397648572921753e-01,-1.392439156770706177e-01,-3.059463500976562500e-01,8.577564358711242676e-02,4.269221723079681396e-01,7.491710782051086426e-02,-2.558946013450622559e-01,-2.245007827877998352e-02,-8.557578921318054199e-02,-5.556475743651390076e-02,5.631113424897193909e-02,2.561205439269542694e-02,-7.541196048259735107e-02,4.449067264795303345e-02,-8.820260316133499146e-02,1.561207976192235947e-02,2.201426029205322266e-01,2.093800343573093414e-02,1.251053810119628906e-02,2.120298892259597778e-01,3.804977983236312866e-03,4.191683232784271240e-02,1.527688279747962952e-02,-4.797029308974742889e-03,-8.908079564571380615e-02,-2.253491058945655823e-02,-2.072133421897888184e-01,-6.251032650470733643e-02,2.413441613316535950e-02,-6.634154915809631348e-02,2.845120988786220551e-02,6.254091858863830566e-02,-2.142465710639953613e-01,1.203963607549667358e-01,3.454369679093360901e-02,-1.833724044263362885e-02,6.382919847965240479e-02,1.132588759064674377e-01,-1.270904242992401123e-01,-1.113352850079536438e-01,2.014235854148864746e-01,-2.274229973554611206e-01,1.986060738563537598e-01,1.613623946905136108e-01,1.187483966350555420e-01,9.052727371454238892e-02,8.156908303499221802e-02,4.240070283412933350e-02,1.850185450166463852e-03,6.540986709296703339e-03,-1.229210346937179565e-01,-6.099789217114448547e-02,3.988034278154373169e-02,-5.746193602681159973e-02,7.310569286346435547e-02,6.864935159683227539e-02
-7.054957002401351929e-02,1.684516221284866333e-01,1.125503629446029663e-01,1.590014621615409851e-02,-7.836969196796417236e-02,-3.879615571349859238e-03,-4.842751845717430115e-02,-4.235243052244186401e-02,1.580320894718170166e-01,3.287788853049278259e-02,2.385816574096679688e-01,-5.404701828956604004e-02,-1.688844114542007446e-01,-1.116532161831855774e-01,4.863584414124488831e-02,1.456274837255477905e-01,-1.663934290409088135e-01,-9.844713658094406128e-02,-5.682105571031570435e-02,-9.010705351829528809e-02,-1.205525174736976624e-02,8.513735607266426086e-03,9.842012077569961548e-03,-3.085166215896606445e-03,-1.596899032592773438e-01,-4.328382909297943115e-01,1.995983533561229706e-02,-1.033935248851776123e-01,9.521447867155075073e-02,-1.331085897982120514e-02,-4.154958203434944153e-02,1.350979506969451904e-01,-2.096605747938156128e-01,-1.440000087022781372e-01,3.463279455900192261e-02,1.208200007677078247e-01,9.330366738140583038e-03,4.840638116002082825e-02,1.442407369613647461e-01,1.590129733085632324e-02,-1.482919007539749146e-01,1.514035090804100037e-02,5.220240354537963867e-02,3.099418282508850098e-01,1.375243514776229858e-01,7.815261930227279663e-02,8.966533094644546509e-02,2.853725105524063110e-02,2.230584993958473206e-02,-1.975501477718353271e-01,4.504211992025375366e-02,1.283245682716369629e-01,1.179781630635261536e-01,3.593497723340988159e-02,4.260715469717979431e-02,-1.856415718793869019e-01,-4.121858626604080200e-02,5.708386749029159546e-02,-2.065423280000686646e-01,1.069997474551200867e-01,1.022920459508895874e-01,-3.336423635482788086e-02,-4.135299846529960632e-02,-4.905903339385986328e-02,3.195982277393341064e-01,7.827049493789672852e-02,-9.062021970748901367e-02,-7.539667189121246338e-02,1.484297811985015869e-01,-3.057327121496200562e-02,4.828404635190963745e-03,2.034418098628520966e-02,-1.180467605590820312e-01,-1.276284456253051758e-01,-3.065750002861022949e-01,1.074174046516418457e-01,4.207473993301391602e-01,7.669230550527572632e-02,-2.289879024028778076e-01,-2.865074574947357178e-02,-9.536247700452804565e-02,-2.098030783236026764e-02,4.439637809991836548e-02,2.123963646590709686e-02,-8.780467510223388672e-02,4.871147871017456055e-02,-8.419744670391082764e-02,3.490914404392242432e-02,1.668511331081390381e-01,2.659850195050239563e-02,-3.018644638359546661e-02,1.864613443613052368e-01,7.779881358146667480e-03,1.390412263572216034e-02,1.404001377522945404e-03,9.591577574610710144e-03,-1.079166904091835022e-01,-4.765527788549661636e-03,-1.934588551521301270e-01,-7.096289098262786865e-02,6.104984879493713379e-02,-1.028010174632072449e-01,3.536077588796615601e-02,1.222170591354370117e-01,-2.111705988645553589e-01,1.173229441046714783e-01,3.161639720201492310e-02,4.667800851166248322e-03,2.205465920269489288e-02,1.273305565118789673e-01,-1.030811071395874023e-01,-9.911580383777618408e-02,2.053561061620712280e-01,-2.070053666830062866e-01,1.863384544849395752e-01,2.101691216230392456e-01,6.864686310291290283e-02,1.401460021734237671e-01,9.213104844093322754e-02,4.688694328069686890e-02,1.923842169344425201e-02,1.843013241887092590e-02,-9.232747554779052734e-02,-7.387993484735488892e-02,2.123934030532836914e-02,-8.010261505842208862e-02,5.604274943470954895e-02,1.000730395317077637e-01
-8.069137483835220337e-02,1.431540995836257935e-01,8.473581820726394653e-02,-2.866636263206601143e-03,-7.420155405998229980e-02,-1.806654036045074463e-04,-5.784593522548675537e-02,-1.021523177623748779e-01,1.808326095342636108e-01,-8.244599215686321259e-03,2.538858056068420410e-01,-8.667880669236183167e-03,-1.416481584310531616e-01,-1.489947140216827393e-01,6.492234021425247192e-02,1.363152712583541870e-01,-1.681507974863052368e-01,-1.296020448207855225e-01,-9.846775233745574951e-02,-8.879018574953079224e-02,-2.447271347045898438e-02,-1.745473407208919525e-02,2.086746506392955780e-02,3.089956007897853851e-03,-1.965651661157608032e-01,-4.398167431354522705e-01,-1.810927689075469971e-02,-9.653817117214202881e-02,7.121598720550537109e-02,-2.850458491593599319e-03,-4.380172118544578552e-02,9.258470684289932251e-02,-2.217580974102020264e-01,-1.300688385963439941e-01,2.548629604279994965e-02,1.429076641798019409e-01,-1.564515382051467896e-02,4.194637015461921692e-02,1.393827050924301147e-01,3.112235106527805328e-03,-1.317738145589828491e-01,3.591755032539367676e-02,8.786005526781082153e-02,2.862341105937957764e-01,1.685387641191482544e-01,3.834244608879089355e-02,1.162987202405929565e-01,-4.573374986648559570e-03,4.300093278288841248e-02,-2.021883875131607056e-01,4.819766059517860413e-02,1.281144767999649048e-01,1.369930207729339600e-01,5.508676171302795410e-02,7.593838125467300415e-02,-1.530391424894332886e-01,-3.894317895174026489e-02,9.158901870250701904e-02,-1.971794068813323975e-01,1.217956468462944031e-01,9.482019394636154175e-02,-2.336081303656101227e-02,-9.253189712762832642e-02,-3.851979225873947144e-02,3.167486786842346191e-01,1.309514790773391724e-01,-1.177306473255157471e-01,-8.435150980949401855e-02,1.380290687084197998e-01,-4.136058315634727478e-02,-1.048512756824493408e-02,-1.971204765141010284e-03,-1.305730789899826050e-01,-1.520029902458190918e-01,-3.299527764320373535e-01,8.535099774599075317e-02,4.577881693840026855e-01,7.203589379787445068e-02,-2.480868101119995117e-01,-1.940646022558212280e-02,-1.127574965357780457e-01,-2.799256704747676849e-02,2.519611455500125885e-02,1.060717180371284485e-02,-9.801334142684936523e-02,4.197797179222106934e-02,-9.986613690853118896e-02,8.476863801479339600e-02,1.843713819980621338e-01,3.781457245349884033e-02,7.312180008739233017e-03,1.882026344537734985e-01,2.754019945859909058e-02,1.609520241618156433e-02,6.812291219830513000e-03,4.483427852392196655e-02,-1.229658946394920349e-01,-1.986981183290481567e-02,-1.986570358276367188e-01,-6.277327984571456909e-02,5.309695005416870117e-02,-8.693161606788635254e-02,4.728928953409194946e-02,8.457510173320770264e-02,-1.943494528532028198e-01,1.587716042995452881e-01,5.576096475124359131e-02,-2.429410815238952637e-03,2.707144618034362793e-02,1.027522906661033630e-01,-9.625388681888580322e-02,-9.033050388097763062e-02,1.883095204830169678e-01,-2.147218436002731323e-01,1.852026432752609253e-01,1.939707696437835693e-01,6.428240239620208740e-02,1.524471491575241089e-01,7.845656573772430420e-02,5.524249374866485596e-02,-8.264550939202308655e-03,3.493213281035423279e-02,-8.727087825536727905e-02,-5.504356697201728821e-02,-3.044517710804939270e-02,-8.174826204776763916e-02,6.291168928146362305e-02,1.031683236360549927e-01
-6.674716621637344360e-02,1.352614164352416992e-01,1.007824242115020752e-01,8.028230629861354828e-03,-5.989892035722732544e-02,-1.962061598896980286e-02,-5.798975378274917603e-02,-6.931208819150924683e-02,1.842026561498641968e-01,-8.843413554131984711e-03,2.544121146202087402e-01,-3.970361873507499695e-02,-1.557725369930267334e-01,-1.326277107000350952e-01,7.692233473062515259e-02,1.340890377759933472e-01,-1.693596839904785156e-01,-1.379078924655914307e-01,-9.740234911441802979e-02,-1.021385118365287781e-01,-2.772925049066543579e-02,-1.151409465819597244e-02,8.776018396019935608e-03,2.389009296894073486e-02,-1.904529929161071777e-01,-4.519224166870117188e-01,-5.239973776042461395e-03,-1.088943183422088623e-01,7.398936897516250610e-02,-2.403806149959564209e-02,-5.291930586099624634e-02,1.131597831845283508e-01,-2.246783524751663208e-01,-1.426775604486465454e-01,2.364468201994895935e-02,1.287021636962890625e-01,7.303109858185052872e-03,3.370842337608337402e-02,1.458941102027893066e-01,3.387745469808578491e-02,-1.447108834981918335e-01,4.368482530117034912e-02,6.955246627330780029e-02,3.023303151130676270e-01,1.538983285427093506e-01,6.767123192548751831e-02,1.152232736349105835e-01,1.378213241696357727e-02,5.265860632061958313e-02,-1.895109415054321289e-01,4.570454731583595276e-02,1.365622580051422119e-01,1.462500095367431641e-01,2.887665852904319763e-02,7.556647062301635742e-02,-1.755232214927673340e-01,-6.196481734514236450e-02,7.987309247255325317e-02,-1.990157365798950195e-01,1.476809978485107422e-01,9.913177043199539185e-02,-3.643815219402313232e-02,-8.059778064489364624e-02,-5.712088569998741150e-02,3.092431426048278809e-01,1.062686964869499207e-01,-9.816116094589233398e-02,-7.354295253753662109e-02,1.678494065999984741e-01,-2.609714120626449585e-02,-9.161854162812232971e-03,1.819454506039619446e-02,-1.343371123075485229e-01,-1.512738764286041260e-01,-2.983623147010803223e-01,9.981375187635421753e-02,4.545567631721496582e-01,6.114709749817848206e-02,-2.347169220447540283e-01,-1.010523084551095963e-02,-1.024544239044189453e-01,-2.774169854819774628e-02,1.406549662351608276e-02,2.076254971325397491e-02,-9.181855618953704834e-02,4.716612771153450012e-02,-8.870115131139755249e-02,7.869683206081390381e-02,1.891954392194747925e-01,5.516594275832176208e-02,-3.473743330687284470e-03,1.740810424089431763e-01,-5.007833242416381836e-04,8.463518694043159485e-03,6.544271484017372131e-03,7.782914210110902786e-03,-1.271897256374359131e-01,-1.090031582862138748e-02,-2.018149793148040771e-01,-7.307650148868560791e-02,5.473318696022033691e-02,-9.777453541755676270e-02,3.228177502751350403e-02,6.532280892133712769e-02,-1.985898315906524658e-01,1.239278912544250488e-01,4.965538159012794495e-02,-1.508890744298696518e-02,1.700474880635738373e-02,1.367921680212020874e-01,-1.054480746388435364e-01,-8.360981941223144531e-02,1.949716955423355103e-01,-2.251562029123306274e-01,1.901390254497528076e-01,2.018129676580429077e-01,8.668819814920425415e-02,1.506569832563400269e-01,7.155015319585800171e-02,5.346663296222686768e-02,1.239064242690801620e-02,2.593760937452316284e-02,-9.807987511157989502e-02,-7.865507155656814575e-02,-5.761995911598205566e-03,-6.423602253198623657e-02,7.421277463436126709e-02,9.922523051500320435e-02
-4.740938916802406311e-02,1.423440277576446533e-01,6.269040703773498535e-02,2.060902677476406097e-02,-4.388303682208061218e-02,4.188489168882369995e-03,-6.389497220516204834e-02,-4.659333080053329468e-02,2.060311287641525269e-01,1.358983106911182404e-03,2.537041604518890381e-01,-2.656317502260208130e-02,-1.399444788694381714e-01,-1.575250476598739624e-01,6.380814313888549805e-02,1.486545205116271973e-01,-1.873636841773986816e-01,-1.460894346237182617e-01,-9.463743865489959717e-02,-3.312730789184570312e-02,-2.101782709360122681e-02,9.525845525786280632e-04,3.614585846662521362e-02,3.902879729866981506e-02,-1.768493503332138062e-01,-4.494056999683380127e-01,1.344277150928974152e-02,-1.139879673719406128e-01,1.038162782788276672e-01,-1.362846326082944870e-02,-6.074638292193412781e-02,1.321398913860321045e-01,-2.110975831747055054e-01,-1.436116099357604980e-01,7.086095213890075684e-02,1.474295407533645630e-01,5.296694114804267883e-03,4.581747949123382568e-02,1.855166852474212646e-01,3.239830583333969116e-02,-1.769858449697494507e-01,3.750226646661758423e-02,6.858880817890167236e-02,3.207429647445678711e-01,1.708368211984634399e-01,6.528768688440322876e-02,9.758932143449783325e-02,-9.997087530791759491e-03,7.657130807638168335e-02,-2.231334596872329712e-01,6.315977126359939575e-02,1.579221040010452271e-01,1.533496975898742676e-01,5.234678462147712708e-02,7.575991004705429077e-02,-1.423426568508148193e-01,-3.636410087347030640e-02,9.697137773036956787e-02,-1.937329918146133423e-01,1.477204263210296631e-01,9.819426387548446655e-02,-2.808091975748538971e-02,-4.581824317574501038e-02,-4.478085786104202271e-02,2.968297898769378662e-01,7.221750915050506592e-02,-1.024447903037071228e-01,-1.111794859170913696e-01,1.407645940780639648e-01,-4.485171660780906677e-02,-3.396861255168914795e-02,6.630641222000122070e-02,-1.211242750287055969e-01,-1.548871994018554688e-01,-3.144249618053436279e-01,7.490809261798858643e-02,4.475925564765930176e-01,7.691753655672073364e-02,-2.361363768577575684e-01,-4.368960857391357422e-03,-9.020888060331344604e-02,-5.990440770983695984e-02,1.317289099097251892e-02,3.841165453195571899e-02,-8.009926974773406982e-02,1.621686667203903198e-02,-9.926930069923400879e-02,4.160353541374206543e-02,2.320535629987716675e-01,4.225303977727890015e-02,-1.399502856656908989e-03,1.880890876054763794e-01,1.023920066654682159e-02,7.050091400742530823e-03,-6.940286140888929367e-03,1.719843596220016479e-02,-1.000808253884315491e-01,-5.640839226543903351e-04,-2.147614955902099609e-01,-8.654092997312545776e-02,5.176696926355361938e-02,-7.192897796630859375e-02,2.854749187827110291e-02,8.130207657814025879e-02,-2.153465002775192261e-01,1.175712943077087402e-01,3.383329510688781738e-02,-8.817898109555244446e-03,6.414847820997238159e-02,1.302044689655303955e-01,-1.244520694017410278e-01,-9.832715243101119995e-02,1.978360116481781006e-01,-2.222536802291870117e-01,2.082216441631317139e-01,1.890002042055130005e-01,1.298753321170806885e-01,1.140381693840026855e-01,8.703628927469253540e-02,5.569520220160484314e-02,2.504377812147140503e-02,1.778100430965423584e-02,-9.346970170736312866e-02,-8.860819786787033081e-02,8.869973942637443542e-03,-6.095727160573005676e-02,5.916994437575340271e-02,7.360231876373291016e-02
-5.759433284401893616e-02,1.466166973114013672e-01,1.263012737035751343e-01,1.521449536085128784e-02,-5.776943638920783997e-02,-2.378290146589279175e-02,-2.730134129524230957e-02,-5.019137263298034668e-02,1.782596260309219360e-01,2.173850312829017639e-02,2.631301879882812500e-01,-6.834964454174041748e-02,-1.431238055229187012e-01,-1.217012852430343628e-01,4.901854693889617920e-02,1.478329300880432129e-01,-1.353470981121063232e-01,-1.201267093420028687e-01,-6.793724745512008667e-02,-6.763336807489395142e-02,-2.639013528823852539e-02,-2.253146469593048096e-02,4.246954806149005890e-03,3.611888736486434937e-02,-1.684691607952117920e-01,-4.240918457508087158e-01,2.795306965708732605e-03,-1.240785568952560425e-01,8.595535904169082642e-02,-3.150289505720138550e-02,-4.356350749731063843e-02,1.644802391529083252e-01,-2.037684321403503418e-01,-1.585689187049865723e-01,3.254302591085433960e-02,1.160203814506530762e-01,2.808463387191295624e-02,5.907289311289787292e-02,1.707749962806701660e-01,1.302419882267713547e-02,-1.694875210523605347e-01,2.367088571190834045e-02,5.887258425354957581e-02,3.221549987792968750e-01,1.427848041057586670e-01,7.374557107686996460e-02,9.440940618515014648e-02,2.754469402134418488e-02,3.565151244401931763e-02,-1.766410022974014282e-01,3.939151763916015625e-02,1.219283342361450195e-01,1.427182406187057495e-01,3.875931724905967712e-02,4.289138317108154297e-02,-1.684006899595260620e-01,-4.012299329042434692e-02,5.245482549071311951e-02,-2.156777530908584595e-01,1.281201690435409546e-01,1.061139851808547974e-01,-4.141230881214141846e-02,-4.033725708723068237e-02,-4.938172549009323120e-02,3.189196288585662842e-01,6.776328384876251221e-02,-9.619365632534027100e-02,-8.018592745065689087e-02,1.690629124641418457e-01,-4.151479899883270264e-02,-1.206371001899242401e-03,3.429009392857551575e-02,-1.327768117189407349e-01,-1.237782612442970276e-01,-3.152732849121093750e-01,1.073349416255950928e-01,4.191758930683135986e-01,7.177726179361343384e-02,-2.482700198888778687e-01,-2.147487923502922058e-02,-1.085085198283195496e-01,-2.708385512232780457e-02,1.738759130239486694e-02,2.249045297503471375e-02,-7.607599347829818726e-02,4.468177631497383118e-02,-8.146786689758300781e-02,1.075145229697227478e-02,1.830458790063858032e-01,4.188833758234977722e-02,-1.323241088539361954e-02,1.776167750358581543e-01,-3.621089272201061249e-03,-3.029239829629659653e-03,-7.870214059948921204e-03,6.410710047930479050e-03,-1.145313531160354614e-01,2.141571603715419769e-03,-2.100588530302047729e-01,-6.212634965777397156e-02,3.170307353138923645e-02,-8.232628554105758667e-02,3.376450017094612122e-02,1.150244772434234619e-01,-2.253557145595550537e-01,1.190314814448356628e-01,2.818176336586475372e-02,-2.522939816117286682e-03,1.390336547046899796e-02,1.631488949060440063e-01,-1.217391714453697205e-01,-1.157054826617240906e-01,2.085436582565307617e-01,-2.061688899993896484e-01,1.753328591585159302e-01,1.994099318981170654e-01,9.288538992404937744e-02,1.098894923925399780e-01,9.817344695329666138e-02,5.692809075117111206e-02,2.273374423384666443e-02,2.827195450663566589e-02,-8.948551118373870850e-02,-7.388825714588165283e-02,3.807596489787101746e-02,-8.963404595851898193e-02,6.181346625089645386e-02,9.787441045045852661e-02
-5.879319086670875549e-02,1.474728882312774658e-01,1.271791011095046997e-01,-1.172348484396934509e-02,-3.798995539546012878e-02,-1.756672933697700500e-02,-1.824404485523700714e-02,-7.129685580730438232e-02,1.537760645151138306e-01,4.465647786855697632e-02,3.139753937721252441e-01,-2.898154780268669128e-02,-1.103284507989883423e-01,-1.412087231874465942e-01,7.199596613645553589e-02,1.269109994173049927e-01,-2.083496153354644775e-01,-1.172932460904121399e-01,-5.445248261094093323e-02,-7.527434825897216797e-02,-3.816150128841400146e-02,-1.818734221160411835e-02,2.771745994687080383e-02,2.500163018703460693e-02,-1.668704599142074585e-01,-4.318194687366485596e-01,-5.069124512374401093e-03,-1.162770166993141174e-01,1.697200089693069458e-01,-2.684277482330799103e-02,-3.308054432272911072e-02,1.376865357160568237e-01,-2.328647375106811523e-01,-1.178108528256416321e-01,2.421452850103378296e-02,1.328161954879760742e-01,1.753699593245983124e-02,3.993319720029830933e-02,1.740049272775650024e-01,1.055769808590412140e-02,-1.727157384157180786e-01,2.628843486309051514e-02,3.969305753707885742e-02,3.145032823085784912e-01,1.663785129785537720e-01,5.102256685495376587e-02,8.737034350633621216e-02,5.406718701124191284e-02,2.584343589842319489e-02,-1.740729957818984985e-01,8.218883723020553589e-02,1.174445599317550659e-01,1.832283139228820801e-01,2.560938335955142975e-02,3.052557259798049927e-02,-1.707102209329605103e-01,-7.990624755620956421e-02,6.287606805562973022e-02,-2.082741856575012207e-01,1.280920952558517456e-01,9.560602158308029175e-02,-4.921928048133850098e-02,-5.937556736171245575e-03,-5.828235298395156860e-02,2.953137457370758057e-01,9.220048040151596069e-02,-1.086812689900398254e-01,-8.016719669103622437e-02,1.724643111228942871e-01,-3.993628919124603271e-02,-5.965220276266336441e-03,3.140091150999069214e-02,-1.125777587294578552e-01,-1.242789849638938904e-01,-3.161984682083129883e-01,1.095551103353500366e-01,3.972684442996978760e-01,6.756308674812316895e-02,-2.560249269008636475e-01,-3.291106224060058594e-02,-1.020616665482521057e-01,-3.410351276397705078e-02,2.573191933333873749e-02,4.589795321226119995e-02,-8.752927184104919434e-02,6.934543699026107788e-02,-1.024214699864387512e-01,1.721234992146492004e-02,1.770137846469879150e-01,3.931608796119689941e-02,-2.829461544752120972e-02,2.022090852260589600e-01,-3.407684713602066040e-02,2.833215706050395966e-02,-1.996628008782863617e-03,1.905549131333827972e-02,-8.891776204109191895e-02,1.761910691857337952e-02,-1.904506981372833252e-01,-4.376862198114395142e-02,1.044263970106840134e-02,-8.351676911115646362e-02,2.607453987002372742e-02,1.276858448982238770e-01,-1.960441321134567261e-01,1.277085244655609131e-01,4.463224485516548157e-02,1.868103072047233582e-02,2.913140505552291870e-02,1.501668393611907959e-01,-8.984864503145217896e-02,-1.389180421829223633e-01,1.947127580642700195e-01,-2.372826188802719116e-01,1.978258490562438965e-01,2.199807018041610718e-01,6.665699928998947144e-02,1.300217956304550171e-01,9.349162876605987549e-02,5.536348372697830200e-02,3.257734328508377075e-02,1.220670528709888458e-03,-1.003432795405387878e-01,-5.022737383842468262e-02,1.100680790841579437e-02,-1.047438085079193115e-01,5.139567703008651733e-02,1.127557829022407532e-01
-5.664036795496940613e-02,1.344772428274154663e-01,1.222641319036483765e-01,4.171425942331552505e-03,-4.991797730326652527e-02,-1.197939738631248474e-02,-4.537708684802055359e-02,-9.226172417402267456e-02,1.810416132211685181e-01,3.700551390647888184e-02,2.955728471279144287e-01,-1.511017978191375732e-02,-1.130632162094116211e-01,-1.323789656162261963e-01,7.138296961784362793e-02,1.412561833858489990e-01,-2.141183614730834961e-01,-1.301718205213546753e-01,-6.875505298376083374e-02,-8.242093026638031006e-02,-3.608634695410728455e-02,1.196463033556938171e-02,6.665674597024917603e-02,1.575997658073902130e-02,-1.728613078594207764e-01,-4.695427715778350830e-01,-2.785043977200984955e-02,-1.301283985376358032e-01,1.387415379285812378e-01,-2.999442815780639648e-02,-1.287015620619058609e-02,1.210966408252716064e-01,-2.348894029855728149e-01,-1.047524437308311462e-01,3.228741139173507690e-02,1.254795491695404053e-01,-1.405420014634728432e-03,4.297069087624549866e-02,1.598297208547592163e-01,1.092157699167728424e-02,-1.774604767560958862e-01,5.013871192932128906e-02,6.207044795155525208e-02,3.109135329723358154e-01,1.922813504934310913e-01,8.475328981876373291e-02,7.946382462978363037e-02,2.121993154287338257e-02,2.412427589297294617e-02,-1.688660383224487305e-01,1.014971211552619934e-01,1.241290196776390076e-01,1.499500125646591187e-01,2.122009173035621643e-02,6.629499793052673340e-02,-1.349523514509201050e-01,-7.534663379192352295e-02,5.361776798963546753e-02,-2.128867954015731812e-01,1.210037693381309509e-01,1.173004955053329468e-01,-8.601490408182144165e-04,-3.265236318111419678e-02,-4.539812356233596802e-02,2.838820815086364746e-01,1.137460991740226746e-01,-1.001745760440826416e-01,-8.029259741306304932e-02,1.391412168741226196e-01,-6.477052718400955200e-02,-2.639136277139186859e-02,3.151804208755493164e-02,-1.295478343963623047e-01,-1.421780437231063843e-01,-3.067805171012878418e-01,6.684900820255279541e-02,4.393597543239593506e-01,3.747947514057159424e-02,-2.535559833049774170e-01,-2.943249791860580444e-02,-6.907635927200317383e-02,-2.878741919994354248e-02,4.603590071201324463e-02,2.275894023478031158e-02,-9.568462520837783813e-02,5.089527368545532227e-02,-1.084870845079421997e-01,4.279343783855438232e-02,1.910460442304611206e-01,3.505615890026092529e-02,-2.911271341145038605e-02,2.106054872274398804e-01,-2.832041308283805847e-02,7.100526243448257446e-03,1.556688547134399414e-02,4.274969547986984253e-02,-7.823261618614196777e-02,1.491760835051536560e-02,-2.238256782293319702e-01,-8.421706408262252808e-02,3.214871510863304138e-02,-3.945035487413406372e-02,1.302690245211124420e-02,8.161281049251556396e-02,-1.872707009315490723e-01,1.463005542755126953e-01,6.328305602073669434e-02,1.263530645519495010e-02,3.856387734413146973e-02,1.409689486026763916e-01,-1.228284463286399841e-01,-1.200084388256072998e-01,2.099535614252090454e-01,-2.257500439882278442e-01,2.087728828191757202e-01,1.982078701257705688e-01,4.849715903401374817e-02,1.279330551624298096e-01,7.326762378215789795e-02,6.601995974779129028e-02,-1.815241761505603790e-03,4.541231319308280945e-03,-1.010975092649459839e-01,-5.648784711956977844e-02,8.254907093942165375e-03,-7.999883592128753662e-02,7.433376461267471313e-02,1.024494245648384094e-01
-6.153962388634681702e-02,1.302302330732345581e-01,8.191226422786712646e-02,-8.272954728454351425e-04,-5.682422220706939697e-02,1.522321440279483795e-02,-4.998989403247833252e-02,-8.026652038097381592e-02,1.897444874048233032e-01,-9.068734943866729736e-04,2.553346455097198486e-01,8.475320413708686829e-03,-1.460282653570175171e-01,-1.105496138334274292e-01,7.024231553077697754e-02,1.475455760955810547e-01,-2.154504358768463135e-01,-1.163159236311912537e-01,-8.839052915573120117e-02,-7.152659446001052856e-02,-3.289015591144561768e-02,2.584158256649971008e-02,6.770060211420059204e-02,1.474571041762828827e-02,-1.331445872783660889e-01,-4.763383865356445312e-01,-1.297984179109334946e-02,-1.064766719937324524e-01,1.175538301467895508e-01,-2.463348768651485443e-02,-4.875895380973815918e-02,1.217988207936286926e-01,-2.265609800815582275e-01,-1.177433803677558899e-01,3.684161603450775146e-02,1.492352485656738281e-01,6.130409426987171173e-03,4.817238450050354004e-02,1.673447489738464355e-01,4.405751451849937439e-02,-1.655291765928268433e-01,3.072421438992023468e-02,4.181521013379096985e-02,3.162466287612915039e-01,1.786735504865646362e-01,7.151687890291213989e-02,8.868077397346496582e-02,1.992830261588096619e-02,2.734312042593955994e-02,-1.870208680629730225e-01,8.871859312057495117e-02,1.212120950222015381e-01,1.398914903402328491e-01,2.515798620879650116e-02,5.002187192440032959e-02,-1.610846668481826782e-01,-7.191722840070724487e-02,6.053113937377929688e-02,-1.787422299385070801e-01,1.108819842338562012e-01,1.164679080247879028e-01,-2.558657154440879822e-02,-3.065567091107368469e-02,-3.425247967243194580e-02,3.010247349739074707e-01,9.598703682422637939e-02,-9.918575733900070190e-02,-8.396743983030319214e-02,1.403067708015441895e-01,-5.049077048897743225e-02,-1.654145680367946625e-02,1.687374897301197052e-03,-1.374703794717788696e-01,-1.388371586799621582e-01,-2.971290946006774902e-01,7.853569835424423218e-02,4.325688481330871582e-01,4.492361098527908325e-02,-2.395587265491485596e-01,-3.659969195723533630e-02,-8.494710177183151245e-02,-4.786549508571624756e-02,4.387129098176956177e-02,5.080247297883033752e-02,-8.130646497011184692e-02,6.387848407030105591e-02,-9.433509409427642822e-02,5.860472843050956726e-02,1.939559727907180786e-01,3.622271120548248291e-02,-2.527039498090744019e-02,2.088010907173156738e-01,-9.394980035722255707e-03,1.364739425480365753e-02,2.856851182878017426e-02,3.994943574070930481e-02,-7.973979413509368896e-02,1.159083563834428787e-03,-2.351070344448089600e-01,-6.992507725954055786e-02,2.174602448940277100e-02,-8.019096404314041138e-02,1.298018265515565872e-02,9.537921845912933350e-02,-1.937244385480880737e-01,1.320609599351882935e-01,3.769638389348983765e-02,-6.189409643411636353e-03,4.205386340618133545e-02,1.210206300020217896e-01,-1.275709122419357300e-01,-1.315218210220336914e-01,2.112304419279098511e-01,-2.065068036317825317e-01,1.861740797758102417e-01,2.292575389146804810e-01,6.543806195259094238e-02,1.445643752813339233e-01,6.649819016456604004e-02,7.874597609043121338e-02,1.525370590388774872e-02,2.646698616445064545e-02,-1.204596757888793945e-01,-5.929698050022125244e-02,1.148279570043087006e-02,-5.423822253942489624e-02,4.995091259479522705e-02,9.681566059589385986e-02
-7.564981281757354736e-02,1.317078173160552979e-01,1.152394935488700867e-01,1.443631295114755630e-02,-5.777779966592788696e-02,-1.595488376915454865e-02,-3.306767344474792480e-02,-4.664543271064758301e-02,1.632563620805740356e-01,-2.926807850599288940e-03,2.441160976886749268e-01,-1.270588487386703491e-02,-1.378707289695739746e-01,-1.081269085407257080e-01,8.492194116115570068e-02,1.353567093610763550e-01,-1.754350811243057251e-01,-1.200234815478324890e-01,-9.057995676994323730e-02,-5.207177996635437012e-02,-2.742916159331798553e-02,1.971583813428878784e-02,2.727407775819301605e-02,2.500091120600700378e-02,-1.639081835746765137e-01,-4.400500059127807617e-01,-1.577568240463733673e-02,-1.229184418916702271e-01,8.505962044000625610e-02,-9.902716614305973053e-03,-4.698912054300308228e-02,1.138016730546951294e-01,-2.030016034841537476e-01,-1.314755380153656006e-01,4.553251340985298157e-02,1.515530943870544434e-01,1.440271735191345215e-04,3.279222175478935242e-02,1.658021509647369385e-01,4.047368094325065613e-02,-1.651022285223007202e-01,2.479587309062480927e-02,4.785734415054321289e-02,3.189409375190734863e-01,1.638770550489425659e-01,6.282180547714233398e-02,8.676826208829879761e-02,2.366305887699127197e-02,3.313780948519706726e-02,-1.925614625215530396e-01,8.874408155679702759e-02,1.159502714872360229e-01,1.451731622219085693e-01,5.624207109212875366e-02,5.725608766078948975e-02,-1.720986515283584595e-01,-3.136314451694488525e-02,2.175192162394523621e-02,-1.958666890859603882e-01,1.005911305546760559e-01,1.159959584474563599e-01,-3.506612405180931091e-02,-2.263462170958518982e-02,-3.963763639330863953e-02,3.165977895259857178e-01,8.085863292217254639e-02,-9.432528167963027954e-02,-7.939424365758895874e-02,1.821775585412979126e-01,-4.266788437962532043e-02,-1.362956501543521881e-02,3.274685703217983246e-03,-1.368615478277206421e-01,-1.189513802528381348e-01,-2.818647027015686035e-01,1.103051826357841492e-01,4.524829089641571045e-01,7.638793438673019409e-02,-2.364332973957061768e-01,-2.409854717552661896e-02,-1.300224065780639648e-01,-6.151153147220611572e-02,-2.897609025239944458e-03,3.731881827116012573e-02,-7.321972399950027466e-02,5.352992564439773560e-02,-8.528098464012145996e-02,5.796657502651214600e-02,1.926712989807128906e-01,3.318578004837036133e-02,-8.144804276525974274e-03,1.902728378772735596e-01,1.398445665836334229e-02,1.008268445730209351e-04,4.088631272315979004e-02,-1.352653838694095612e-02,-1.019003093242645264e-01,6.541575305163860321e-03,-2.172606438398361206e-01,-5.914924293756484985e-02,2.719786576926708221e-02,-1.117431148886680603e-01,3.214236721396446228e-02,1.150398477911949158e-01,-2.075811475515365601e-01,1.487107574939727783e-01,4.840451106429100037e-02,-2.273379266262054443e-02,3.907866030931472778e-02,1.562779545783996582e-01,-1.562923043966293335e-01,-1.287177801132202148e-01,2.081691026687622070e-01,-1.910952627658843994e-01,1.908453404903411865e-01,1.895457804203033447e-01,1.054038405418395996e-01,1.370974034070968628e-01,8.708327263593673706e-02,9.433857351541519165e-02,1.482842676341533661e-02,3.664345294237136841e-02,-1.186725199222564697e-01,-6.408456712961196899e-02,1.880993880331516266e-02,-5.184433609247207642e-02,5.737932771444320679e-02,1.261960566043853760e-01
-7.824059575796127319e-02,1.215913668274879456e-01,8.574539422988891602e-02,-7.630556821823120117e-03,-5.049494281411170959e-02,-3.355280309915542603e-02,-6.790717691183090210e-02,-8.061490207910537720e-02,1.832934319972991943e-01,-7.685202173888683319e-03,2.327261567115783691e-01,-7.825629785656929016e-03,-1.230392381548881531e-01,-1.178373172879219055e-01,2.826415188610553741e-02,1.432517021894454956e-01,-1.590141057968139648e-01,-1.174701601266860962e-01,-1.028094813227653503e-01,-6.064598262310028076e-02,-5.962324328720569611e-03,-2.097642282024025917e-03,2.363095059990882874e-02,2.669995650649070740e-02,-1.845342069864273071e-01,-4.257441759109497070e-01,-1.207979768514633179e-02,-1.122259050607681274e-01,5.261382088065147400e-02,1.049809274263679981e-03,-4.806122556328773499e-02,8.638866990804672241e-02,-1.993440836668014526e-01,-1.264989972114562988e-01,3.062700107693672180e-02,1.381078660488128662e-01,-5.167033988982439041e-03,2.714374288916587830e-02,1.556474566459655762e-01,5.135928094387054443e-02,-1.621150672435760498e-01,1.975012198090553284e-02,6.622078269720077515e-02,3.165733516216278076e-01,1.678166538476943970e-01,8.022576570510864258e-02,1.103818938136100769e-01,-1.944656297564506531e-02,9.601318836212158203e-02,-2.138354629278182983e-01,5.525546520948410034e-02,1.123553067445755005e-01,1.235226094722747803e-01,3.557736054062843323e-02,9.250458329916000366e-02,-1.447999626398086548e-01,-9.603491052985191345e-03,9.573000669479370117e-02,-2.031401842832565308e-01,1.241507604718208313e-01,7.797420769929885864e-02,-1.648592203855514526e-02,-6.514548510313034058e-02,-6.235826015472412109e-02,3.186610937118530273e-01,1.067015528678894043e-01,-1.119080185890197754e-01,-3.528314083814620972e-02,1.564497202634811401e-01,-3.748211264610290527e-02,-2.136311493813991547e-02,-6.305051036179065704e-03,-1.230599433183670044e-01,-1.661303043365478516e-01,-3.147045671939849854e-01,6.805074214935302734e-02,4.632683694362640381e-01,8.693597465753555298e-02,-2.335072904825210571e-01,-2.975597046315670013e-03,-9.177918732166290283e-02,-3.689019754528999329e-02,4.695026203989982605e-02,3.459578379988670349e-02,-9.779901802539825439e-02,6.195957586169242859e-02,-8.479525148868560791e-02,4.453917965292930603e-02,2.162791639566421509e-01,3.138564154505729675e-02,1.689900085330009460e-02,1.945087909698486328e-01,5.559636279940605164e-03,6.031696684658527374e-03,2.198220230638980865e-03,1.300423778593540192e-02,-1.363657265901565552e-01,4.494994413107633591e-03,-1.994010210037231445e-01,-7.738150656223297119e-02,7.660061866044998169e-02,-7.931212335824966431e-02,4.934098944067955017e-02,6.846208870410919189e-02,-2.240269333124160767e-01,1.322029829025268555e-01,5.149012431502342224e-02,-8.610152639448642731e-03,4.948907345533370972e-02,1.009723395109176636e-01,-1.202000305056571960e-01,-9.975055605173110962e-02,1.947401314973831177e-01,-1.814633607864379883e-01,1.811051219701766968e-01,1.916532367467880249e-01,8.850447833538055420e-02,1.466573178768157959e-01,9.321422129869461060e-02,4.773446917533874512e-02,-1.886943355202674866e-03,3.620601072907447815e-02,-1.028047725558280945e-01,-5.755466967821121216e-02,2.007457613945007324e-02,-6.681748479604721069e-02,7.779947668313980103e-02,8.941517770290374756e-02
-3.415382280945777893e-02,1.268785297870635986e-01,6.304370611906051636e-02,4.878242500126361847e-03,-2.194695174694061279e-02,-9.872861206531524658e-03,-5.438543111085891724e-02,-7.353581488132476807e-02,1.876340210437774658e-01,-2.979221753776073456e-03,2.582572400569915771e-01,-1.691692695021629333e-02,-1.216879785060882568e-01,-1.468577086925506592e-01,6.377802044153213501e-02,1.386697739362716675e-01,-1.815455406904220581e-01,-1.346934437751770020e-01,-1.025141328573226929e-01,-3.827728331089019775e-02,-1.919095590710639954e-02,-1.080389693379402161e-02,2.956526540219783783e-02,4.811066389083862305e-02,-2.067150175571441650e-01,-4.217180311679840088e-01,-4.416751675307750702e-03,-1.251773834228515625e-01,9.326038509607315063e-02,-1.635408028960227966e-02,-7.489345967769622803e-02,8.410185575485229492e-02,-2.006610035896301270e-01,-1.190550625324249268e-01,6.316339969635009766e-02,1.357702612876892090e-01,7.931856438517570496e-03,3.125318139791488647e-02,1.938971132040023804e-01,5.270608514547348022e-02,-1.832841932773590088e-01,4.650827497243881226e-02,5.670446157455444336e-02,3.255751430988311768e-01,1.811756640672683716e-01,6.764524430036544800e-02,9.767123311758041382e-02,-2.072328701615333557e-02,1.233264356851577759e-01,-2.166540920734405518e-01,9.764196723699569702e-02,1.292190849781036377e-01,1.638340950012207031e-01,3.434940055012702942e-02,7.429996877908706665e-02,-1.434393972158432007e-01,-3.492835164070129395e-02,1.011837944388389587e-01,-2.046545445919036865e-01,1.417898982763290405e-01,1.073041707277297974e-01,-1.476122252643108368e-02,-4.370806366205215454e-02,-5.304627865552902222e-02,3.070952594280242920e-01,1.005008667707443237e-01,-1.247133314609527588e-01,-7.362287491559982300e-02,1.405348926782608032e-01,-5.697332322597503662e-02,-1.733007654547691345e-02,1.754827238619327545e-02,-1.192574650049209595e-01,-1.557546257972717285e-01,-3.105121850967407227e-01,7.753654569387435913e-02,4.512294828891754150e-01,7.789085805416107178e-02,-2.599819004535675049e-01,-8.745342493057250977e-03,-9.261200577020645142e-02,-4.514652118086814880e-02,4.825698956847190857e-02,5.143185704946517944e-02,-9.362869709730148315e-02,4.754694178700447083e-02,-8.777800947427749634e-02,3.198570013046264648e-02,2.454613894224166870e-01,3.497511893510818481e-02,1.818937622010707855e-02,2.044328898191452026e-01,-7.585905492305755615e-03,1.417639665305614471e-02,8.777007460594177246e-03,-8.139671990647912025e-04,-1.302303224802017212e-01,5.996134132146835327e-05,-1.891741603612899780e-01,-6.173022463917732239e-02,4.140190780162811279e-02,-7.788547873497009277e-02,4.463267698884010315e-02,8.283268660306930542e-02,-2.309808135032653809e-01,1.454696059226989746e-01,3.883896395564079285e-02,-2.532097510993480682e-03,7.628980278968811035e-02,1.191388741135597229e-01,-1.250643581151962280e-01,-1.215927749872207642e-01,1.947134584188461304e-01,-2.083850204944610596e-01,1.910294890403747559e-01,1.685010194778442383e-01,1.206433102488517761e-01,1.156580969691276550e-01,8.861739933490753174e-02,6.234977766871452332e-02,1.554163638502359390e-02,4.914565384387969971e-02,-1.168754324316978455e-01,-5.273289233446121216e-02,2.374234423041343689e-02,-8.580273389816284180e-02,7.968823611736297607e-02,6.949549913406372070e-02
-6.126270443201065063e-02,1.386826485395431519e-01,9.593845903873443604e-02,1.777543686330318451e-02,-3.360177204012870789e-02,-1.025948859751224518e-02,-4.696588218212127686e-02,-6.903885304927825928e-02,1.853701025247573853e-01,8.573580533266067505e-03,2.439861297607421875e-01,-8.514812216162681580e-03,-1.367550045251846313e-01,-1.344211399555206299e-01,7.702109962701797485e-02,1.517255008220672607e-01,-1.721091866493225098e-01,-1.079802885651588440e-01,-1.053045168519020081e-01,-6.635019183158874512e-02,-3.198994323611259460e-02,1.406030915677547455e-02,4.929381981492042542e-02,2.509816363453865051e-02,-1.941515505313873291e-01,-4.590609669685363770e-01,-3.496774472296237946e-03,-1.403445005416870117e-01,7.672066986560821533e-02,-3.888425882905721664e-03,-5.481522530317306519e-02,1.074405685067176819e-01,-2.116971164941787720e-01,-1.203048303723335266e-01,3.731697052717208862e-02,1.071323528885841370e-01,-8.040009066462516785e-03,4.015528038144111633e-02,1.831153780221939087e-01,4.844308644533157349e-02,-1.858898401260375977e-01,1.471145078539848328e-02,3.853069990873336792e-02,3.160065114498138428e-01,1.629790067672729492e-01,6.472631543874740601e-02,1.140281856060028076e-01,5.551807582378387451e-03,6.219118088483810425e-02,-1.934479773044586182e-01,8.701522648334503174e-02,1.294975131750106812e-01,1.139236614108085632e-01,3.272861987352371216e-02,7.376945763826370239e-02,-1.302921772003173828e-01,-2.558158151805400848e-02,5.539955198764801025e-02,-1.999886631965637207e-01,1.207433938980102539e-01,1.250566244125366211e-01,-2.826908975839614868e-02,-3.581832721829414368e-02,-2.958603762090206146e-02,3.004783987998962402e-01,6.930252164602279663e-02,-9.140864759683609009e-02,-5.485183745622634888e-02,1.477459669113159180e-01,-4.808165132999420166e-02,8.792510256171226501e-03,2.401864156126976013e-02,-1.339312046766281128e-01,-1.728543639183044434e-01,-3.198598623275756836e-01,8.775453269481658936e-02,4.534830451011657715e-01,9.045380353927612305e-02,-2.204839140176773071e-01,-2.212708815932273865e-02,-1.111982688307762146e-01,-5.703153088688850403e-02,6.547807157039642334e-02,4.092425480484962463e-02,-7.404831051826477051e-02,4.857198148965835571e-02,-7.418511807918548584e-02,7.275048643350601196e-02,2.319116294384002686e-01,3.103206492960453033e-02,-2.682900289073586464e-03,2.189668118953704834e-01,3.671809099614620209e-03,-1.003559865057468414e-02,-1.041435822844505310e-02,-1.735514961183071136e-04,-9.373912215232849121e-02,3.331749700009822845e-03,-1.809833943843841553e-01,-4.222624748945236206e-02,5.482698231935501099e-02,-7.152251154184341431e-02,4.073180258274078369e-02,8.653231710195541382e-02,-2.312590330839157104e-01,1.310877352952957153e-01,5.413712933659553528e-02,-9.495194070041179657e-03,5.380007252097129822e-02,1.202704012393951416e-01,-1.482037752866744995e-01,-1.282009929418563843e-01,2.049923539161682129e-01,-1.860156804323196411e-01,1.838851124048233032e-01,2.005627155303955078e-01,1.045510992407798767e-01,1.182691827416419983e-01,6.974310427904129028e-02,4.722846299409866333e-02,6.699293851852416992e-03,1.123388763517141342e-02,-1.236547678709030151e-01,-4.829716682434082031e-02,4.417390376329421997e-02,-6.755992025136947632e-02,7.198222726583480835e-02,9.046559780836105347e-02
-4.768820852041244507e-02,1.649905890226364136e-01,7.891102135181427002e-02,3.300748765468597412e-03,-3.572774305939674377e-02,1.097628660500049591e-02,-5.319801717996597290e-02,-7.293253391981124878e-02,1.995033770799636841e-01,1.542876847088336945e-02,2.242161929607391357e-01,-5.490142386406660080e-03,-1.640878468751907349e-01,-1.271389126777648926e-01,6.921919435262680054e-02,1.476795524358749390e-01,-1.807096600532531738e-01,-1.142950132489204407e-01,-1.170591190457344055e-01,-6.579457968473434448e-02,-2.436234429478645325e-02,1.359970774501562119e-02,4.766709730029106140e-02,4.863630980253219604e-03,-1.890984177589416504e-01,-4.480354189872741699e-01,6.675630342215299606e-03,-1.139993146061897278e-01,6.845399737358093262e-02,-7.185437716543674469e-03,-5.075266212224960327e-02,1.054051965475082397e-01,-2.086663395166397095e-01,-1.320974975824356079e-01,4.449103400111198425e-02,1.199842914938926697e-01,-1.811667717993259430e-02,4.168833047151565552e-02,1.898948997259140015e-01,4.032870009541511536e-02,-1.755464076995849609e-01,2.671397849917411804e-02,6.651151180267333984e-02,3.121226727962493896e-01,1.721803545951843262e-01,6.558962911367416382e-02,1.114684715867042542e-01,-7.705949246883392334e-04,8.276336640119552612e-02,-1.939503550529479980e-01,7.873009145259857178e-02,1.392936259508132935e-01,1.297199130058288574e-01,4.609837010502815247e-02,9.839292615652084351e-02,-1.404968351125717163e-01,-3.132802620530128479e-02,6.520186364650726318e-02,-1.890428215265274048e-01,1.102703288197517395e-01,1.336673051118850708e-01,-3.117954172194004059e-02,-4.469722509384155273e-02,-5.760437250137329102e-02,2.853946983814239502e-01,6.090093776583671570e-02,-8.980152755975723267e-02,-7.360266149044036865e-02,1.383282244205474854e-01,-4.002683609724044800e-02,-1.024760492146015167e-02,2.140188962221145630e-02,-1.288717091083526611e-01,-1.596947014331817627e-01,-3.232169151306152344e-01,7.282800227403640747e-02,4.418009519577026367e-01,9.949311614036560059e-02,-2.188691645860671997e-01,-9.453425183892250061e-03,-8.457270264625549316e-02,-6.061773747205734253e-02,6.167383491992950439e-02,4.136406630277633667e-02,-6.818023324012756348e-02,5.793753266334533691e-02,-6.999351084232330322e-02,6.614085286855697632e-02,2.210037708282470703e-01,2.911813743412494659e-02,-1.296317018568515778e-02,1.937910020351409912e-01,1.453429739922285080e-02,7.817009463906288147e-03,-1.131841447204351425e-02,-7.100092247128486633e-03,-1.058157235383987427e-01,7.978012785315513611e-03,-2.047203481197357178e-01,-3.645121306180953979e-02,3.216939419507980347e-02,-6.735318154096603394e-02,4.326594620943069458e-02,7.120607048273086548e-02,-2.002611309289932251e-01,1.349992454051971436e-01,5.891078710556030273e-02,2.668625675141811371e-03,2.955343388020992279e-02,1.178169995546340942e-01,-1.399797499179840088e-01,-1.072442904114723206e-01,2.005970925092697144e-01,-2.088535130023956299e-01,1.838143765926361084e-01,1.900848299264907837e-01,7.897323369979858398e-02,1.136922165751457214e-01,7.576921582221984863e-02,5.796196684241294861e-02,1.700884848833084106e-02,3.976867720484733582e-02,-1.218427717685699463e-01,-7.393389940261840820e-02,2.819507755339145660e-02,-5.920097976922988892e-02,8.496747165918350220e-02,9.581721574068069458e-02
-6.763341277837753296e-02,1.479822099208831787e-01,8.298801630735397339e-02,-3.731557400897145271e-03,-5.573353543877601624e-02,-1.242492161691188812e-02,-5.233559012413024902e-02,-7.736127078533172607e-02,1.853659451007843018e-01,2.317549660801887512e-03,2.368009388446807861e-01,-8.862833492457866669e-03,-1.855368614196777344e-01,-1.142509579658508301e-01,7.373754680156707764e-02,1.509671509265899658e-01,-1.839464902877807617e-01,-1.028659343719482422e-01,-1.130059584975242615e-01,-9.392575919628143311e-02,-1.354268938302993774e-02,2.781393751502037048e-02,4.658067226409912109e-02,3.296747803688049316e-02,-2.085098177194595337e-01,-4.416654706001281738e-01,-4.396392032504081726e-03,-1.130790263414382935e-01,4.466282576322555542e-02,4.521965514868497849e-03,-4.209752380847930908e-02,9.711787104606628418e-02,-1.943891495466232300e-01,-1.488265246152877808e-01,4.873117804527282715e-02,1.287245154380798340e-01,-3.244155272841453552e-02,1.086750812828540802e-02,1.856125593185424805e-01,2.530589327216148376e-02,-1.550804525613784790e-01,3.976180031895637512e-02,8.928611874580383301e-02,3.102079331874847412e-01,1.517463922500610352e-01,6.012246757745742798e-02,1.293192505836486816e-01,-1.478752493858337402e-02,7.740073651075363159e-02,-2.003916651010513306e-01,7.560922950506210327e-02,1.292082071304321289e-01,1.292214095592498779e-01,5.208010971546173096e-02,9.218847006559371948e-02,-1.528145819902420044e-01,-1.826582849025726318e-02,8.262196183204650879e-02,-2.055203914642333984e-01,1.008733510971069336e-01,1.220128312706947327e-01,-2.289933711290359497e-02,-4.104913398623466492e-02,-5.103881657123565674e-02,2.887169420719146729e-01,7.488656044006347656e-02,-1.018345803022384644e-01,-5.149142444133758545e-02,1.259705275297164917e-01,-4.258857294917106628e-02,-1.737719401717185974e-02,2.747019007802009583e-02,-1.380746066570281982e-01,-1.718444824218750000e-01,-3.151963949203491211e-01,6.699162721633911133e-02,4.563911855220794678e-01,1.057252213358879089e-01,-2.138817608356475830e-01,-1.124033238738775253e-02,-9.037840366363525391e-02,-5.585360527038574219e-02,5.959552526473999023e-02,4.551307857036590576e-02,-6.225922703742980957e-02,4.785062372684478760e-02,-7.515345513820648193e-02,1.021073311567306519e-01,2.052388042211532593e-01,3.350247442722320557e-02,-1.788189262151718140e-02,2.128313034772872925e-01,5.591822415590286255e-02,1.474676653742790222e-02,9.979046881198883057e-03,1.427425444126129150e-02,-1.258152276277542114e-01,-6.506925914436578751e-03,-1.927048861980438232e-01,-3.812468796968460083e-02,4.817003384232521057e-02,-4.736948758363723755e-02,5.146181583404541016e-02,5.483864247798919678e-02,-1.983685195446014404e-01,1.602975130081176758e-01,6.226661056280136108e-02,-7.452583871781826019e-03,2.115749940276145935e-02,1.016104295849800110e-01,-1.241967976093292236e-01,-8.796423673629760742e-02,1.930055618286132812e-01,-2.123208343982696533e-01,1.586991250514984131e-01,1.844527572393417358e-01,6.909035146236419678e-02,1.453606635332107544e-01,6.334547698497772217e-02,3.850907459855079651e-02,3.156727179884910583e-03,1.736230961978435516e-02,-1.269566714763641357e-01,-6.502858549356460571e-02,3.310155868530273438e-02,-6.169504299759864807e-02,1.198282241821289062e-01,9.550417214632034302e-02
-4.053975269198417664e-02,1.477652043104171753e-01,7.789283245801925659e-02,2.149620465934276581e-02,-3.126261010766029358e-02,-1.014698110520839691e-02,-5.642757192254066467e-02,-5.915585905313491821e-02,1.772973537445068359e-01,1.259217970073223114e-02,2.211570292711257935e-01,-1.196679659187793732e-02,-1.419354677200317383e-01,-1.402473151683807373e-01,6.682769209146499634e-02,1.259312182664871216e-01,-1.789865642786026001e-01,-1.217566877603530884e-01,-8.321898430585861206e-02,-4.423857480287551880e-02,-2.389661595225334167e-02,5.812969058752059937e-03,4.430223628878593445e-02,5.334513261914253235e-03,-2.050569355487823486e-01,-4.470181167125701904e-01,-6.439451128244400024e-03,-9.821990132331848145e-02,7.599850744009017944e-02,-7.133470848202705383e-03,-5.331824719905853271e-02,1.032237187027931213e-01,-2.115224897861480713e-01,-1.182853654026985168e-01,4.897310584783554077e-02,1.315835565328598022e-01,-3.934244066476821899e-02,3.565552458167076111e-02,1.649209856986999512e-01,6.171520426869392395e-02,-1.673216223716735840e-01,2.385829016566276550e-02,5.763588100671768188e-02,3.362980782985687256e-01,1.933671534061431885e-01,7.270445674657821655e-02,9.352684020996093750e-02,-1.082999072968959808e-02,7.076059281826019287e-02,-2.125881165266036987e-01,6.445515900850296021e-02,1.527853757143020630e-01,1.150575131177902222e-01,6.358306854963302612e-02,6.903036683797836304e-02,-1.291840821504592896e-01,-5.065873265266418457e-03,6.883435696363449097e-02,-2.141891270875930786e-01,1.200008839368820190e-01,1.000963151454925537e-01,-2.918012626469135284e-02,-3.426881134510040283e-02,-2.477717958390712738e-02,3.026874065399169922e-01,7.213682681322097778e-02,-1.141335517168045044e-01,-6.253321468830108643e-02,1.162759661674499512e-01,-6.464026868343353271e-02,-1.047506649047136307e-02,2.563377842307090759e-02,-1.155613735318183899e-01,-1.790983676910400391e-01,-3.250701129436492920e-01,7.107737660408020020e-02,4.412075281143188477e-01,9.622533619403839111e-02,-2.096802592277526855e-01,1.328886486589908600e-03,-8.575637638568878174e-02,-5.903383716940879822e-02,6.218560412526130676e-02,6.487651914358139038e-02,-9.314415603876113892e-02,5.032797902822494507e-02,-8.741112053394317627e-02,6.956706196069717407e-02,2.180313169956207275e-01,2.861148118972778320e-02,-1.943299546837806702e-02,1.951428502798080444e-01,2.629697322845458984e-03,1.788879558444023132e-02,2.695435658097267151e-03,1.335374638438224792e-02,-1.166103780269622803e-01,9.369276463985443115e-03,-1.953693926334381104e-01,-7.165168970823287964e-02,5.989511311054229736e-02,-8.250865340232849121e-02,4.228083416819572449e-02,8.742866665124893188e-02,-2.050367295742034912e-01,1.589543223381042480e-01,6.806416064500808716e-02,8.866842836141586304e-05,5.837690457701683044e-02,8.442018181085586548e-02,-1.283943057060241699e-01,-9.816075116395950317e-02,1.806341856718063354e-01,-2.243875861167907715e-01,2.017129063606262207e-01,1.904113292694091797e-01,1.020678803324699402e-01,1.282047033309936523e-01,8.980091661214828491e-02,3.478230163455009460e-02,4.862944595515727997e-03,2.498685754835605621e-02,-9.603970497846603394e-02,-5.040400102734565735e-02,5.484400317072868347e-04,-5.677077546715736389e-02,9.391700476408004761e-02,7.320773601531982422e-02
-2.647674642503261566e-02,1.319423764944076538e-01,5.077774822711944580e-02,4.262770526111125946e-03,-3.209251165390014648e-02,-1.448964886367321014e-02,-6.967668980360031128e-02,-7.157371193170547485e-02,1.912899762392044067e-01,-5.637422204017639160e-03,2.233082205057144165e-01,-1.408541761338710785e-02,-1.433727294206619263e-01,-1.329957097768783569e-01,6.921784579753875732e-02,1.282819509506225586e-01,-1.983813494443893433e-01,-1.321473717689514160e-01,-8.452215790748596191e-02,-5.475218594074249268e-02,-3.108904510736465454e-02,-1.398055814206600189e-02,4.760409146547317505e-02,1.395800150930881500e-02,-2.142271697521209717e-01,-4.385291039943695068e-01,-4.453218542039394379e-03,-1.070691049098968506e-01,8.559517562389373779e-02,-2.066823840141296387e-02,-5.417132750153541565e-02,1.046659946441650391e-01,-2.039184272289276123e-01,-9.947628527879714966e-02,5.601244792342185974e-02,1.292000263929367065e-01,-2.389364317059516907e-02,3.853042051196098328e-02,1.916016638278961182e-01,6.798061728477478027e-02,-1.838379502296447754e-01,1.949081569910049438e-02,5.973438918590545654e-02,3.256218731403350830e-01,1.875036805868148804e-01,8.218818902969360352e-02,8.513768017292022705e-02,-2.296640723943710327e-02,1.021542474627494812e-01,-1.917627155780792236e-01,8.412868529558181763e-02,1.560545265674591064e-01,1.461191028356552124e-01,3.954569995403289795e-02,8.800324052572250366e-02,-1.366304457187652588e-01,-8.982976898550987244e-03,7.302366197109222412e-02,-2.127669602632522583e-01,1.122239753603935242e-01,1.099314242601394653e-01,-1.056609489023685455e-02,-3.704021126031875610e-02,-3.526401147246360779e-02,3.026742339134216309e-01,7.933691889047622681e-02,-1.136450096964836121e-01,-5.977674573659896851e-02,1.266769319772720337e-01,-6.343819946050643921e-02,-2.006522379815578461e-02,2.322972193360328674e-02,-1.108882650732994080e-01,-1.803113967180252075e-01,-3.158694803714752197e-01,4.869734495878219604e-02,4.320560097694396973e-01,9.682024270296096802e-02,-2.241477966308593750e-01,1.618526875972747803e-03,-6.340344995260238647e-02,-7.419609278440475464e-02,7.705842703580856323e-02,7.147286087274551392e-02,-1.129367426037788391e-01,5.547527596354484558e-02,-7.870269566774368286e-02,4.863340407609939575e-02,2.182900756597518921e-01,3.006510436534881592e-02,-1.097368448972702026e-02,1.837823837995529175e-01,-3.241479396820068359e-03,2.220212481915950775e-02,-1.038510818034410477e-03,-4.558983258903026581e-03,-1.345265209674835205e-01,1.300844177603721619e-02,-1.951204538345336914e-01,-8.469808101654052734e-02,5.506896227598190308e-02,-7.152090221643447876e-02,4.119424149394035339e-02,8.339698612689971924e-02,-2.094709128141403198e-01,1.457906812429428101e-01,6.610251963138580322e-02,-9.230452589690685272e-03,5.698651447892189026e-02,1.131775453686714172e-01,-1.246524602174758911e-01,-1.227813139557838440e-01,1.730906367301940918e-01,-2.318137288093566895e-01,1.867278069257736206e-01,1.843916773796081543e-01,9.603998064994812012e-02,1.212760657072067261e-01,9.010101854801177979e-02,4.718197137117385864e-02,1.199518889188766479e-02,3.900324553251266479e-02,-1.050264760851860046e-01,-5.353695899248123169e-02,4.902672953903675079e-03,-6.044267863035202026e-02,9.712034463882446289e-02,6.614365428686141968e-02
-3.730804845690727234e-02,1.457067728042602539e-01,9.080902487039566040e-02,1.129894284531474113e-03,-1.971374265849590302e-02,5.515961907804012299e-03,-5.144284665584564209e-02,-7.629813253879547119e-02,1.727856993675231934e-01,-3.914798144251108170e-03,2.275519967079162598e-01,3.982807509601116180e-03,-1.497039794921875000e-01,-1.596064418554306030e-01,9.770764410495758057e-02,1.400540918111801147e-01,-1.775696128606796265e-01,-1.269345581531524658e-01,-9.827310591936111450e-02,-5.955405533313751221e-02,-3.423924744129180908e-02,2.683160454034805298e-02,6.422406435012817383e-02,2.340549975633621216e-02,-1.948985457420349121e-01,-4.471448659896850586e-01,-6.977496668696403503e-03,-1.114222630858421326e-01,7.233013957738876343e-02,-6.782822776585817337e-03,-6.916339695453643799e-02,1.057766079902648926e-01,-2.321448028087615967e-01,-1.005753800272941589e-01,3.395713120698928833e-02,1.402776986360549927e-01,-6.913214456290006638e-03,5.244645476341247559e-02,1.541752517223358154e-01,6.515224277973175049e-02,-1.749763786792755127e-01,4.428627714514732361e-02,4.715760797262191772e-02,3.083493411540985107e-01,2.103289961814880371e-01,5.609767511487007141e-02,1.024758219718933105e-01,1.449559815227985382e-03,6.539016216993331909e-02,-1.739005893468856812e-01,7.403879612684249878e-02,1.282613873481750488e-01,1.465542316436767578e-01,2.547286078333854675e-02,8.161431550979614258e-02,-1.415451765060424805e-01,-3.784190863370895386e-02,4.177606105804443359e-02,-1.775553971529006958e-01,1.034682095050811768e-01,9.432078152894973755e-02,-2.539583854377269745e-02,-3.468191623687744141e-02,-1.813487336039543152e-02,2.874450385570526123e-01,4.728881269693374634e-02,-9.845425188541412354e-02,-8.292689919471740723e-02,1.297732293605804443e-01,-6.224748864769935608e-02,-1.325848326086997986e-02,3.312167897820472717e-02,-1.278243958950042725e-01,-1.474070698022842407e-01,-3.168058991432189941e-01,7.867845892906188965e-02,4.265852570533752441e-01,7.135410606861114502e-02,-2.488914728164672852e-01,2.007986418902873993e-02,-9.180539846420288086e-02,-6.222106143832206726e-02,4.993945360183715820e-02,6.505797803401947021e-02,-7.941729575395584106e-02,7.815211266279220581e-02,-1.006916165351867676e-01,6.825724989175796509e-02,2.179768383502960205e-01,2.155296504497528076e-02,8.205224294215440750e-04,2.151506841182708740e-01,5.981400609016418457e-04,2.176961675286293030e-02,1.618117839097976685e-02,-8.823724463582038879e-03,-1.069452837109565735e-01,1.474069431424140930e-02,-2.020238488912582397e-01,-7.404593378305435181e-02,4.231254011392593384e-02,-7.867922633886337280e-02,2.686376869678497314e-02,7.696796953678131104e-02,-2.127975970506668091e-01,1.502555608749389648e-01,5.458964407444000244e-02,-3.779884427785873413e-03,4.604857414960861206e-02,1.122588217258453369e-01,-1.388206332921981812e-01,-1.177225857973098755e-01,1.855994015932083130e-01,-2.190249115228652954e-01,1.727166324853897095e-01,1.938755959272384644e-01,7.332711666822433472e-02,1.141142547130584717e-01,9.023419767618179321e-02,6.648577004671096802e-02,9.335397742688655853e-03,4.091401398181915283e-02,-1.099845692515373230e-01,-5.330907925963401794e-02,3.078980557620525360e-02,-7.183220237493515015e-02,8.842761069536209106e-02,8.745463192462921143e-02
-4.234858602285385132e-02,1.566363871097564697e-01,7.238678634166717529e-02,-4.123861901462078094e-03,-2.493338845670223236e-02,-1.024286262691020966e-03,-5.272148177027702332e-02,-6.501854956150054932e-02,1.764616519212722778e-01,4.352694377303123474e-04,2.211797833442687988e-01,-9.483283385634422302e-03,-1.380608379840850830e-01,-1.542090475559234619e-01,9.701520949602127075e-02,1.306313872337341309e-01,-1.962883025407791138e-01,-1.312527358531951904e-01,-9.261629730463027954e-02,-5.734905600547790527e-02,-3.440625965595245361e-02,2.248007245361804962e-02,4.653770476579666138e-02,2.564594522118568420e-02,-2.193264812231063843e-01,-4.408987462520599365e-01,1.115270890295505524e-02,-1.017703413963317871e-01,7.591626793146133423e-02,6.657801568508148193e-03,-5.014274269342422485e-02,1.025484427809715271e-01,-2.233095914125442505e-01,-1.043612584471702576e-01,5.255239456892013550e-02,1.247427091002464294e-01,-2.054565958678722382e-02,2.923518605530261993e-02,1.806167960166931152e-01,6.758179515600204468e-02,-1.690185368061065674e-01,3.094656951725482941e-02,6.871010363101959229e-02,3.205825388431549072e-01,1.961338818073272705e-01,5.790060386061668396e-02,9.717858582735061646e-02,-5.933878012001514435e-03,1.079634428024291992e-01,-1.945962160825729370e-01,6.999987363815307617e-02,1.377351880073547363e-01,1.235968470573425293e-01,3.215665370225906372e-02,9.356388449668884277e-02,-1.471251249313354492e-01,-3.022885136306285858e-02,6.482420116662979126e-02,-1.971030980348587036e-01,1.063937619328498840e-01,7.701709121465682983e-02,-2.022786252200603485e-02,-4.626783356070518494e-02,-4.865352436900138855e-02,2.819750607013702393e-01,5.410451442003250122e-02,-9.535311162471771240e-02,-7.820917665958404541e-02,1.302125453948974609e-01,-4.670565202832221985e-02,-1.170117221772670746e-02,4.534200206398963928e-02,-1.113207787275314331e-01,-1.610566079616546631e-01,-3.064187467098236084e-01,7.363477349281311035e-02,4.181819260120391846e-01,8.765825629234313965e-02,-2.262444794178009033e-01,1.500709541141986847e-02,-6.605530530214309692e-02,-7.522476464509963989e-02,5.587657168507575989e-02,6.593484431505203247e-02,-8.374731987714767456e-02,5.645575374364852905e-02,-8.255480974912643433e-02,6.574511528015136719e-02,2.250080257654190063e-01,3.370074927806854248e-02,-6.683250889182090759e-03,2.062414586544036865e-01,5.512120202183723450e-03,7.348357699811458588e-03,6.540723145008087158e-03,-1.675019226968288422e-02,-1.342160850763320923e-01,1.724298112094402313e-02,-2.007034569978713989e-01,-8.139248192310333252e-02,6.703808903694152832e-02,-7.142135500907897949e-02,3.610602766275405884e-02,8.065584301948547363e-02,-2.206063866615295410e-01,1.498733311891555786e-01,6.109865382313728333e-02,-1.039119902998209000e-02,5.027014017105102539e-02,9.447129070758819580e-02,-1.263513267040252686e-01,-9.944175183773040771e-02,1.725701093673706055e-01,-2.205750048160552979e-01,1.766609400510787964e-01,1.696971654891967773e-01,8.459074795246124268e-02,1.327395886182785034e-01,8.602647483348846436e-02,4.033153504133224487e-02,1.206336356699466705e-02,4.394615441560745239e-02,-1.019791439175605774e-01,-6.428060680627822876e-02,2.787423878908157349e-02,-6.157322973012924194e-02,9.914731979370117188e-02,7.125096023082733154e-02
-3.799687698483467102e-02,1.658295542001724243e-01,6.877387315034866333e-02,1.523136720061302185e-02,-2.382801473140716553e-02,1.179985702037811279e-04,-5.391955375671386719e-02,-6.383974105119705200e-02,1.996911764144897461e-01,1.118845120072364807e-02,2.296965718269348145e-01,-1.109795365482568741e-02,-1.426965594291687012e-01,-1.551413536071777344e-01,9.194302558898925781e-02,1.373704075813293457e-01,-2.112764865159988403e-01,-1.372880190610885620e-01,-8.855056017637252808e-02,-5.865739285945892334e-02,-2.979206852614879608e-02,1.921084709465503693e-02,5.391227826476097107e-02,3.253642097115516663e-02,-2.233796864748001099e-01,-4.430595338344573975e-01,-7.563922554254531860e-05,-1.182107105851173401e-01,9.148818999528884888e-02,-1.380345877259969711e-02,-5.790856480598449707e-02,9.756407141685485840e-02,-2.224035561084747314e-01,-1.254674345254898071e-01,5.955550819635391235e-02,1.245317235589027405e-01,-2.476553432643413544e-02,1.783616468310356140e-02,1.900949776172637939e-01,7.129785418510437012e-02,-1.601966172456741333e-01,2.491028979420661926e-02,6.534124910831451416e-02,3.221968710422515869e-01,1.829799711704254150e-01,7.024466246366500854e-02,9.867572784423828125e-02,1.052360981702804565e-03,8.813357353210449219e-02,-2.057622075080871582e-01,6.563410162925720215e-02,1.529544442892074585e-01,1.268697828054428101e-01,5.129390582442283630e-02,7.980871200561523438e-02,-1.550914198160171509e-01,-2.678963541984558105e-02,6.493764370679855347e-02,-1.959525346755981445e-01,1.143548935651779175e-01,8.814577758312225342e-02,-1.847987622022628784e-02,-4.076610133051872253e-02,-2.736233919858932495e-02,3.024939298629760742e-01,6.554903835058212280e-02,-9.749418497085571289e-02,-6.953385472297668457e-02,1.313574165105819702e-01,-5.096404999494552612e-02,-2.165838889777660370e-02,3.984932601451873779e-02,-1.123467758297920227e-01,-1.588815450668334961e-01,-3.059552609920501709e-01,6.446402519941329956e-02,4.480657875537872314e-01,7.909609377384185791e-02,-2.247317284345626831e-01,4.043049179017543793e-03,-7.930028438568115234e-02,-7.380506396293640137e-02,3.466266393661499023e-02,7.089854776859283447e-02,-1.016259267926216125e-01,6.125230342149734497e-02,-8.197535574436187744e-02,6.427785754203796387e-02,2.277551740407943726e-01,4.655622318387031555e-02,-6.107409484684467316e-03,2.068160027265548706e-01,1.072936411947011948e-02,2.389438077807426453e-02,1.602831296622753143e-02,-2.106087654829025269e-02,-1.139546185731887817e-01,-1.050828490406274796e-03,-1.882629990577697754e-01,-7.785823196172714233e-02,5.728074163198471069e-02,-7.414832711219787598e-02,2.731011249125003815e-02,8.570796996355056763e-02,-2.227405607700347900e-01,1.478986591100692749e-01,6.699880957603454590e-02,-2.067794837057590485e-02,4.640205577015876770e-02,1.110833287239074707e-01,-1.261975169181823730e-01,-9.800682961940765381e-02,1.869670301675796509e-01,-2.302355617284774780e-01,1.841426938772201538e-01,1.880728453397750854e-01,9.132786095142364502e-02,1.313494294881820679e-01,7.542996108531951904e-02,4.914034903049468994e-02,8.706337772309780121e-03,4.092383384704589844e-02,-1.029445827007293701e-01,-6.992533802986145020e-02,1.684961281716823578e-02,-7.318259030580520630e-02,9.122790396213531494e-02,6.995384395122528076e-02
-4.136133566498756409e-02,1.658120453357696533e-01,9.111326932907104492e-02,1.819496601819992065e-02,-1.909735053777694702e-02,-3.281674813479185104e-03,-6.682131439447402954e-02,-5.527968704700469971e-02,2.005845159292221069e-01,1.150042377412319183e-02,2.139265537261962891e-01,4.868756048381328583e-03,-1.241847351193428040e-01,-1.575180590152740479e-01,8.515831083059310913e-02,1.379970759153366089e-01,-1.911822408437728882e-01,-1.509187668561935425e-01,-7.632011175155639648e-02,-6.112127751111984253e-02,-3.499567136168479919e-02,1.850875653326511383e-02,3.713979199528694153e-02,2.989278547465801239e-02,-2.302234768867492676e-01,-4.273847937583923340e-01,3.173947334289550781e-05,-1.385934799909591675e-01,7.937335968017578125e-02,-2.035781182348728180e-02,-6.278282403945922852e-02,7.876691967248916626e-02,-2.202172428369522095e-01,-1.047922298312187195e-01,4.334623366594314575e-02,1.383021622896194458e-01,-1.975084841251373291e-02,3.613402694463729858e-02,1.749747842550277710e-01,8.141016215085983276e-02,-1.604004502296447754e-01,3.745688498020172119e-02,3.182857856154441833e-02,3.088585138320922852e-01,1.819820553064346313e-01,6.401142477989196777e-02,9.734615683555603027e-02,3.753880970180034637e-03,8.394350856542587280e-02,-2.145109623670578003e-01,6.648725271224975586e-02,1.515840888023376465e-01,1.205193474888801575e-01,5.806148797273635864e-02,6.527278572320938110e-02,-1.502330899238586426e-01,-3.045158274471759796e-02,6.068179011344909668e-02,-2.104864567518234253e-01,1.249796152114868164e-01,7.437268644571304321e-02,-3.510648012161254883e-02,-5.773813277482986450e-02,-1.292558852583169937e-02,3.094584047794342041e-01,9.241844713687896729e-02,-9.689042717218399048e-02,-6.674747914075851440e-02,1.484503597021102905e-01,-6.343664973974227905e-02,-2.069966681301593781e-02,3.286026045680046082e-02,-9.180586785078048706e-02,-1.495754271745681763e-01,-2.912895977497100830e-01,8.378091454505920410e-02,4.405778050422668457e-01,7.933581620454788208e-02,-2.527696192264556885e-01,2.757264301180839539e-03,-9.973967820405960083e-02,-5.815909430384635925e-02,2.135509438812732697e-02,5.254040658473968506e-02,-1.057299971580505371e-01,7.259883731603622437e-02,-8.830816298723220825e-02,4.328264668583869934e-02,2.287838011980056763e-01,4.490855708718299866e-02,1.594012044370174408e-02,2.048126757144927979e-01,1.260689087212085724e-02,3.885065391659736633e-02,2.700139209628105164e-02,-2.458542399108409882e-02,-1.091440245509147644e-01,-1.847963407635688782e-02,-1.864651441574096680e-01,-9.283807873725891113e-02,5.247991532087326050e-02,-8.233428001403808594e-02,1.985982060432434082e-02,7.478946447372436523e-02,-2.199394553899765015e-01,1.642660647630691528e-01,6.758295744657516479e-02,-3.684825450181961060e-02,3.780550509691238403e-02,1.258052438497543335e-01,-1.179877519607543945e-01,-1.065967530012130737e-01,2.064754664897918701e-01,-2.109013497829437256e-01,2.046403586864471436e-01,1.863317042589187622e-01,9.137058258056640625e-02,1.408741176128387451e-01,8.196854591369628906e-02,6.050735339522361755e-02,-1.261757407337427139e-02,2.763089537620544434e-02,-8.900366723537445068e-02,-6.698661297559738159e-02,1.509054377675056458e-02,-7.777495682239532471e-02,8.031320571899414062e-02,7.738283276557922363e-02
