-1.928644925355911255e-01,1.923503726720809937e-01,7.598350942134857178e-02,2.497691102325916290e-02,-7.463345676660537720e-02,2.599495276808738708e-02,-6.929257512092590332e-02,-8.092577755451202393e-02,1.468353569507598877e-01,-2.179179713129997253e-02,2.718178927898406982e-01,2.406034246087074280e-02,-2.070610672235488892e-01,-6.302333623170852661e-02,-6.904891878366470337e-02,8.367796987295150757e-02,-1.632235050201416016e-01,-8.787986636161804199e-02,-1.216047406196594238e-01,-4.338102042675018311e-02,1.248339638113975525e-01,2.196733839809894562e-02,8.496234565973281860e-02,3.523014113306999207e-02,-2.525643706321716309e-01,-3.554612398147583008e-01,-5.574471503496170044e-02,-1.337283700704574585e-01,1.995834521949291229e-02,-1.695993095636367798e-01,1.550448127090930939e-02,-5.445878580212593079e-02,-2.051394581794738770e-01,-7.147206366062164307e-02,-3.932153806090354919e-03,5.738380923867225647e-02,-4.707278683781623840e-02,3.273963928222656250e-02,1.875957548618316650e-01,-3.623764216899871826e-02,-1.567591875791549683e-01,8.267726749181747437e-02,1.015375107526779175e-01,2.830246984958648682e-01,2.025035172700881958e-01,1.013179942965507507e-01,2.010983042418956757e-02,-1.276156306266784668e-01,8.627203851938247681e-02,-2.180733233690261841e-01,1.416635215282440186e-01,1.487800031900405884e-01,1.167165115475654602e-01,7.940268516540527344e-02,1.520242094993591309e-01,-1.148584634065628052e-01,-2.979665249586105347e-02,1.082516834139823914e-01,-1.726466566324234009e-01,1.018439903855323792e-01,5.475142970681190491e-02,3.787023201584815979e-02,2.712838351726531982e-03,-4.555580019950866699e-02,1.490744799375534058e-01,5.088465288281440735e-02,-1.335321813821792603e-01,-6.724177300930023193e-02,5.727801099419593811e-02,-1.592263728380203247e-01,1.751555316150188446e-02,1.288828700780868530e-01,-7.130780816078186035e-02,-2.476442456245422363e-01,-3.139678537845611572e-01,9.456315636634826660e-02,4.798462688922882080e-01,1.669728159904479980e-01,-1.653903126716613770e-01,-1.701517030596733093e-02,-5.263568088412284851e-02,-1.059664636850357056e-01,7.964281830936670303e-04,3.937669470906257629e-02,-1.540233492851257324e-01,5.138780921697616577e-03,-5.998871847987174988e-02,1.193584352731704712e-01,1.581909805536270142e-01,4.680642485618591309e-02,2.921651117503643036e-03,2.727676033973693848e-01,4.875473678112030029e-02,-3.388526290655136108e-02,4.295685887336730957e-02,7.497940212488174438e-02,-1.818116903305053711e-01,-4.176292568445205688e-02,-1.088520586490631104e-01,-3.044658526778221130e-02,-2.944564819335937500e-02,-7.267770171165466309e-02,1.714902557432651520e-02,5.038738250732421875e-02,-1.543181091547012329e-01,9.929185360670089722e-02,-9.593863040208816528e-03,-5.653803050518035889e-02,-3.395224735140800476e-02,8.067294210195541382e-02,-1.657553613185882568e-01,-1.006641611456871033e-01,1.390022337436676025e-01,-2.749014794826507568e-01,1.392580121755599976e-01,1.641112118959426880e-01,3.360855951905250549e-02,1.342029571533203125e-01,1.099140420556068420e-01,8.001989126205444336e-02,1.097901817411184311e-02,8.331478387117385864e-02,-5.003352463245391846e-02,-3.343550860881805420e-02,5.818686634302139282e-02,-7.128658890724182129e-02,1.125890761613845825e-01,-5.508271045982837677e-03
-1.687007844448089600e-01,1.978125423192977905e-01,8.758762478828430176e-02,3.125509992241859436e-02,-5.281115695834159851e-02,4.798117559403181076e-03,-6.881751865148544312e-02,-8.598875999450683594e-02,1.215489655733108521e-01,-9.113854728639125824e-03,2.780781388282775879e-01,-1.679962500929832458e-03,-2.003004401922225952e-01,-7.387423515319824219e-02,-4.301321506500244141e-02,7.761826366186141968e-02,-1.557545661926269531e-01,-7.812593877315521240e-02,-1.164437159895896912e-01,-3.370726108551025391e-02,1.176648363471031189e-01,1.387725025415420532e-02,8.535065501928329468e-02,3.700314834713935852e-02,-2.226966172456741333e-01,-3.585749566555023193e-01,-5.520420521497726440e-02,-1.407867372035980225e-01,3.808643296360969543e-02,-1.502989530563354492e-01,-5.190014839172363281e-03,-6.651473790407180786e-02,-1.952735483646392822e-01,-7.811165601015090942e-02,2.012711018323898315e-03,2.071527764201164246e-02,-4.553918167948722839e-02,1.265270635485649109e-03,1.761676371097564697e-01,-5.227462202310562134e-02,-1.622971445322036743e-01,9.469653666019439697e-02,8.323626220226287842e-02,2.677816152572631836e-01,1.897051334381103516e-01,1.046252846717834473e-01,2.438566833734512329e-02,-1.461735367774963379e-01,7.918565720319747925e-02,-1.928667128086090088e-01,1.268025338649749756e-01,1.590200364589691162e-01,1.014692485332489014e-01,7.218033820390701294e-02,1.305485069751739502e-01,-1.213847994804382324e-01,-1.964445039629936218e-02,7.750231027603149414e-02,-1.859774589538574219e-01,8.587058633565902710e-02,4.788909852504730225e-02,4.890713095664978027e-02,7.479002699255943298e-03,-5.767560377717018127e-02,1.343026757240295410e-01,3.501700237393379211e-02,-1.334785968065261841e-01,-5.656814575195312500e-02,4.845963418483734131e-02,-1.385541260242462158e-01,4.047216475009918213e-02,1.241295188665390015e-01,-8.531787246465682983e-02,-2.650795280933380127e-01,-2.823219895362854004e-01,1.029808819293975830e-01,4.638054370880126953e-01,1.658107936382293701e-01,-1.614592671394348145e-01,-6.666457280516624451e-03,-7.361578196287155151e-02,-1.067237555980682373e-01,-4.380809143185615540e-03,4.756616428494453430e-02,-1.389951258897781372e-01,-2.237312495708465576e-03,-5.085648223757743835e-02,1.295932978391647339e-01,1.411574929952621460e-01,1.487788092344999313e-02,1.324038114398717880e-02,2.741578817367553711e-01,3.237468749284744263e-02,-3.580709174275398254e-02,2.140757814049720764e-02,8.401422202587127686e-02,-1.817362904548645020e-01,-1.026886049658060074e-02,-9.087286889553070068e-02,-2.435289695858955383e-02,5.722599104046821594e-03,-7.195529341697692871e-02,2.645662054419517517e-02,5.093339085578918457e-02,-1.771567910909652710e-01,9.506326168775558472e-02,9.604037739336490631e-03,-5.439940094947814941e-02,-4.338636994361877441e-03,6.597620248794555664e-02,-1.376919001340866089e-01,-1.025247052311897278e-01,1.261907964944839478e-01,-2.696585655212402344e-01,1.510606110095977783e-01,1.750764846801757812e-01,5.936795845627784729e-02,1.379101276397705078e-01,9.381405264139175415e-02,6.709778308868408203e-02,2.096661925315856934e-02,5.440617352724075317e-02,-6.326833367347717285e-02,-2.901352569460868835e-02,6.312496215105056763e-02,-4.461263492703437805e-02,9.130372107028961182e-02,-7.063731551170349121e-03
-1.561995297670364380e-01,1.946532428264617920e-01,6.998327374458312988e-02,2.079481631517410278e-02,-4.078817367553710938e-02,-5.897408351302146912e-03,-6.261929124593734741e-02,-9.182191640138626099e-02,1.543828099966049194e-01,-3.028374165296554565e-02,2.797955870628356934e-01,1.425730530172586441e-02,-2.016237527132034302e-01,-6.097269058227539062e-02,-7.178927958011627197e-02,6.199482828378677368e-02,-1.381119191646575928e-01,-7.048279047012329102e-02,-1.087546795606613159e-01,-1.539690978825092316e-02,1.432790756225585938e-01,2.772720903158187866e-02,6.553446501493453979e-02,4.908364266157150269e-02,-1.847896426916122437e-01,-3.422859609127044678e-01,-7.189384847879409790e-02,-1.371564865112304688e-01,2.434197813272476196e-02,-1.430175453424453735e-01,5.867099389433860779e-03,-3.870535641908645630e-02,-1.791791319847106934e-01,-9.739127755165100098e-02,-2.752054482698440552e-03,1.092949323356151581e-02,-5.968381837010383606e-02,3.166230395436286926e-03,1.691005825996398926e-01,-2.917099744081497192e-02,-1.516967862844467163e-01,1.008219122886657715e-01,7.235938310623168945e-02,2.988027036190032959e-01,1.885322034358978271e-01,1.037661731243133545e-01,3.055517002940177917e-02,-1.388680934906005859e-01,7.218222320079803467e-02,-2.027825713157653809e-01,9.046660363674163818e-02,1.624347418546676636e-01,1.130863726139068604e-01,8.151338994503021240e-02,1.237862333655357361e-01,-1.311167329549789429e-01,-1.705174893140792847e-02,7.018373906612396240e-02,-1.890760809183120728e-01,9.388504177331924438e-02,5.457125604152679443e-02,2.470090612769126892e-02,4.613274708390235901e-03,-5.224428325891494751e-02,1.431541889905929565e-01,2.825346402823925018e-02,-1.485515236854553223e-01,-4.027594253420829773e-02,5.893137305974960327e-02,-1.411266326904296875e-01,3.229523822665214539e-02,1.190736144781112671e-01,-1.032936722040176392e-01,-2.716726958751678467e-01,-2.458421736955642700e-01,1.166707873344421387e-01,4.839999377727508545e-01,1.788214594125747681e-01,-1.290483772754669189e-01,9.489805437624454498e-03,-9.299271553754806519e-02,-8.885855227708816528e-02,-2.623254433274269104e-02,4.271610081195831299e-02,-1.286014765501022339e-01,-8.846111595630645752e-03,-4.226182773709297180e-02,1.220966577529907227e-01,1.319453120231628418e-01,1.871963217854499817e-02,5.576748400926589966e-03,2.722162306308746338e-01,2.672685123980045319e-02,-4.215024039149284363e-02,1.671981066465377808e-02,7.069092988967895508e-02,-1.703195571899414062e-01,-8.012492209672927856e-03,-1.004775688052177429e-01,-1.592215336859226227e-02,-2.227653376758098602e-02,-8.984770625829696655e-02,2.898489870131015778e-02,3.960675746202468872e-02,-1.704867333173751831e-01,1.006965041160583496e-01,1.103630289435386658e-02,-5.164987593889236450e-02,-7.676485925912857056e-03,6.774277985095977783e-02,-1.475275456905364990e-01,-8.337060362100601196e-02,1.217961013317108154e-01,-2.667013108730316162e-01,1.597851365804672241e-01,1.634905636310577393e-01,9.046147018671035767e-02,1.525067090988159180e-01,9.394232928752899170e-02,6.896536797285079956e-02,2.570632845163345337e-02,4.044909030199050903e-02,-6.123433634638786316e-02,-5.049480870366096497e-02,6.501188874244689941e-02,-1.920767687261104584e-02,9.363582730293273926e-02,-2.412316948175430298e-02
-1.655117124319076538e-01,1.951913088560104370e-01,6.489525735378265381e-02,1.501748617738485336e-02,-2.100169099867343903e-02,-1.954722218215465546e-03,-5.317189171910285950e-02,-7.887493818998336792e-02,1.572214663028717041e-01,-1.737168058753013611e-02,2.862070500850677490e-01,2.814251743257045746e-02,-2.057109475135803223e-01,-6.657385826110839844e-02,-5.950797721743583679e-02,7.176915556192398071e-02,-1.355033963918685913e-01,-7.125499844551086426e-02,-1.017470210790634155e-01,-2.376137301325798035e-03,1.449307501316070557e-01,2.212315984070301056e-02,6.645645201206207275e-02,3.270185738801956177e-02,-1.916267722845077515e-01,-3.402968645095825195e-01,-8.128021657466888428e-02,-1.135258525609970093e-01,1.538449898362159729e-02,-1.444020718336105347e-01,1.470553688704967499e-02,-4.096218943595886230e-02,-1.787185966968536377e-01,-9.205882996320724487e-02,9.344894438982009888e-03,7.944416254758834839e-03,-6.095381826162338257e-02,-8.644992485642433167e-04,1.720774024724960327e-01,-2.957738004624843597e-02,-1.458319127559661865e-01,7.993413507938385010e-02,8.762697875499725342e-02,2.880676686763763428e-01,1.817801296710968018e-01,9.866992384195327759e-02,2.516919001936912537e-02,-1.416835039854049683e-01,5.651797354221343994e-02,-2.090943306684494019e-01,1.079781875014305115e-01,1.487282961606979370e-01,1.137853488326072693e-01,1.000299155712127686e-01,1.238498911261558533e-01,-1.418310403823852539e-01,-2.607749775052070618e-03,6.602838635444641113e-02,-1.883943080902099609e-01,7.825633883476257324e-02,4.905340448021888733e-02,3.564592450857162476e-02,2.800637856125831604e-03,-4.218225926160812378e-02,1.290523260831832886e-01,3.079833649098873138e-02,-1.484068334102630615e-01,-5.348678678274154663e-02,4.569659382104873657e-02,-1.266559362411499023e-01,4.482126608490943909e-02,1.184425130486488342e-01,-9.782875329256057739e-02,-2.849095463752746582e-01,-2.534383535385131836e-01,1.190605759620666504e-01,4.531579315662384033e-01,1.878465861082077026e-01,-1.310287117958068848e-01,8.703398518264293671e-03,-7.842541486024856567e-02,-9.261469542980194092e-02,-2.903387509286403656e-02,3.128495439887046814e-02,-1.404029577970504761e-01,-1.119364053010940552e-03,-4.789563268423080444e-02,1.266624033451080322e-01,1.239589229226112366e-01,2.756733447313308716e-02,-2.177390502765774727e-03,2.731106877326965332e-01,2.439269423484802246e-02,-3.116039372980594635e-02,1.879082247614860535e-02,8.422289043664932251e-02,-1.590788811445236206e-01,5.296315066516399384e-04,-1.022538170218467712e-01,-1.576778851449489594e-02,-1.075417548418045044e-02,-8.104333281517028809e-02,3.182950615882873535e-02,5.725948512554168701e-02,-1.678743213415145874e-01,1.104977652430534363e-01,1.482686121016740799e-02,-4.472361505031585693e-02,-1.342262420803308487e-02,6.637479364871978760e-02,-1.470901072025299072e-01,-8.015421032905578613e-02,1.039191782474517822e-01,-2.605309486389160156e-01,1.541779041290283203e-01,1.615604907274246216e-01,8.027276396751403809e-02,1.492312252521514893e-01,1.015375107526779175e-01,6.885147839784622192e-02,2.720789611339569092e-02,4.048354178667068481e-02,-6.480279564857482910e-02,-3.035337850451469421e-02,6.094395369291305542e-02,-1.901054382324218750e-02,9.717107564210891724e-02,-1.582368090748786926e-02
-1.567535549402236938e-01,2.166655361652374268e-01,8.954577893018722534e-02,4.333175346255302429e-02,-2.349385246634483337e-02,-1.079754810780286789e-02,-3.824742138385772705e-02,-7.502614706754684448e-02,1.727101802825927734e-01,1.424618065357208252e-03,2.419956177473068237e-01,1.167177408933639526e-02,-2.377525866031646729e-01,-3.620268031954765320e-02,-4.860054701566696167e-02,8.122520893812179565e-02,-1.265007853507995605e-01,-7.595784217119216919e-02,-9.824860095977783203e-02,-2.288113906979560852e-02,1.408663094043731689e-01,1.304102595895528793e-02,6.349102407693862915e-02,2.746970951557159424e-02,-1.973356157541275024e-01,-3.169603645801544189e-01,-7.098357379436492920e-02,-9.312102198600769043e-02,8.875429630279541016e-04,-1.585003286600112915e-01,3.270272165536880493e-02,-5.327926576137542725e-02,-1.769113689661026001e-01,-8.758063614368438721e-02,-6.927398033440113068e-03,-4.920970648527145386e-03,-7.010448724031448364e-02,-3.143807500600814819e-02,1.887320578098297119e-01,-4.807150363922119141e-02,-1.497412770986557007e-01,6.355057656764984131e-02,7.433693110942840576e-02,2.687973678112030029e-01,1.511425822973251343e-01,9.994463622570037842e-02,2.005278691649436951e-02,-1.373989880084991455e-01,4.608594998717308044e-02,-1.904025673866271973e-01,9.715633094310760498e-02,1.548833847045898438e-01,6.384205818176269531e-02,1.048176288604736328e-01,1.111863404512405396e-01,-1.620224416255950928e-01,-9.391702711582183838e-03,7.941003888845443726e-02,-1.864420771598815918e-01,7.498747110366821289e-02,5.404986441135406494e-02,1.932244375348091125e-02,8.435789495706558228e-03,-3.972669318318367004e-02,1.362947076559066772e-01,2.551056444644927979e-02,-1.332646757364273071e-01,-4.151752591133117676e-02,5.980144441127777100e-02,-1.154914870858192444e-01,5.074940621852874756e-02,1.106410920619964600e-01,-8.127693831920623779e-02,-2.820056974887847900e-01,-2.448440343141555786e-01,1.295419186353683472e-01,4.569648504257202148e-01,1.643399745225906372e-01,-1.335734277963638306e-01,-4.807969555258750916e-03,-6.274003535509109497e-02,-8.155269175767898560e-02,-1.067277975380420685e-02,4.013611376285552979e-02,-1.423939764499664307e-01,-1.328624784946441650e-03,-5.081587284803390503e-02,1.183707639575004578e-01,1.320178955793380737e-01,3.824307024478912354e-02,-2.394446916878223419e-02,2.580483555793762207e-01,3.868890553712844849e-02,-4.426105320453643799e-02,2.008636295795440674e-02,7.067021727561950684e-02,-1.496538370847702026e-01,5.099772475659847260e-03,-1.106443107128143311e-01,-1.375978905707597733e-02,1.747195422649383545e-02,-8.557559549808502197e-02,1.980294659733772278e-02,6.027571111917495728e-02,-1.503516286611557007e-01,9.887171536684036255e-02,4.587535560131072998e-02,-5.629222467541694641e-02,-3.076274693012237549e-02,8.716989308595657349e-02,-1.714952290058135986e-01,-7.967717200517654419e-02,1.204334050416946411e-01,-2.659040391445159912e-01,1.703727096319198608e-01,1.571501642465591431e-01,6.513898819684982300e-02,1.515884101390838623e-01,8.768891543149948120e-02,9.340684860944747925e-02,3.553455322980880737e-02,4.521360248327255249e-02,-4.621391370892524719e-02,-3.591409698128700256e-02,8.124922960996627808e-02,1.647118479013442993e-03,1.193562895059585571e-01,3.876029979437589645e-03
-1.781284958124160767e-01,1.953532397747039795e-01,9.573329985141754150e-02,3.478175774216651917e-02,-4.926771670579910278e-02,-1.129484735429286957e-03,-5.377787351608276367e-02,-5.478579178452491760e-02,1.652525365352630615e-01,5.804776214063167572e-03,2.563852965831756592e-01,2.808200195431709290e-02,-2.293563038110733032e-01,-1.941169053316116333e-02,-7.679682224988937378e-02,9.896887838840484619e-02,-1.538684815168380737e-01,-7.109938561916351318e-02,-1.027222275733947754e-01,-2.525132894515991211e-02,1.525603532791137695e-01,1.966840028762817383e-02,4.053261503577232361e-02,9.582436643540859222e-03,-1.899799704551696777e-01,-3.387539386749267578e-01,-6.301142275333404541e-02,-8.650821447372436523e-02,-8.344225585460662842e-03,-1.465626806020736694e-01,5.226027593016624451e-02,-5.794966220855712891e-02,-1.904326379299163818e-01,-8.634014427661895752e-02,1.247376203536987305e-04,2.249492518603801727e-02,-6.093182787299156189e-02,-3.930279053747653961e-03,1.759239137172698975e-01,-2.703897282481193542e-02,-1.688802242279052734e-01,7.942964136600494385e-02,9.410570561885833740e-02,2.780624330043792725e-01,1.645565330982208252e-01,1.138936877250671387e-01,7.127927616238594055e-03,-1.252497583627700806e-01,4.601599276065826416e-02,-2.216953039169311523e-01,9.373301267623901367e-02,1.633955687284469604e-01,9.703680127859115601e-02,9.475693106651306152e-02,1.095288097858428955e-01,-1.357705593109130859e-01,-3.322985023260116577e-03,8.866840600967407227e-02,-1.985527873039245605e-01,7.605351507663726807e-02,8.240517973899841309e-02,1.706155017018318176e-03,1.954017020761966705e-02,-4.254537075757980347e-02,1.304812282323837280e-01,3.496942296624183655e-02,-1.401489228010177612e-01,-5.203972011804580688e-02,4.799733310937881470e-02,-1.264308393001556396e-01,3.231483325362205505e-02,9.836414456367492676e-02,-7.789620012044906616e-02,-2.777269184589385986e-01,-2.916065156459808350e-01,1.192557066679000854e-01,4.696725606918334961e-01,1.560988277196884155e-01,-1.270912736654281616e-01,-1.951147243380546570e-02,-5.796389281749725342e-02,-7.446258515119552612e-02,-3.928060643374919891e-03,3.262058645486831665e-02,-1.349820494651794434e-01,-1.348953507840633392e-02,-5.787877738475799561e-02,1.134058833122253418e-01,1.395188421010971069e-01,3.840029239654541016e-02,-8.633676916360855103e-03,2.533945739269256592e-01,3.425186499953269958e-02,-4.345383122563362122e-02,6.337593309581279755e-03,9.050142019987106323e-02,-1.508795768022537231e-01,-2.984479069709777832e-03,-1.106418371200561523e-01,-5.572233349084854126e-03,-1.968487352132797241e-02,-7.492284476757049561e-02,3.279646486043930054e-02,5.511660128831863403e-02,-1.507534086704254150e-01,8.258940279483795166e-02,1.772722788155078888e-02,-5.780863389372825623e-02,-3.740232810378074646e-02,7.935560494661331177e-02,-1.742706596851348877e-01,-8.402700722217559814e-02,1.279043555259704590e-01,-2.511420547962188721e-01,1.726401001214981079e-01,1.813713908195495605e-01,5.080701038241386414e-02,1.354266107082366943e-01,1.074541658163070679e-01,7.667602598667144775e-02,1.531879510730504990e-02,4.492463916540145874e-02,-6.096846610307693481e-02,-3.705714643001556396e-02,4.930599033832550049e-02,-2.299426123499870300e-02,1.131516695022583008e-01,-9.766593575477600098e-05
-1.725704222917556763e-01,1.072490736842155457e-01,8.125166594982147217e-02,2.165053598582744598e-02,-4.708791524171829224e-02,3.298757225275039673e-02,-6.215897575020790100e-02,-3.931593149900436401e-02,1.522804051637649536e-01,-2.598932012915611267e-03,2.535740435123443604e-01,6.774432957172393799e-02,-2.278238832950592041e-01,-1.979597285389900208e-02,-8.601049333810806274e-02,8.276360481977462769e-02,-1.536763906478881836e-01,-6.132831424474716187e-02,-8.443978428840637207e-02,-3.045429475605487823e-02,1.148441955447196960e-01,4.719297215342521667e-02,7.497611641883850098e-02,-2.472550049424171448e-02,-2.362035512924194336e-01,-2.596301436424255371e-01,-1.099451184272766113e-01,-1.144901663064956665e-01,-2.335940487682819366e-02,-1.637999415397644043e-01,4.793485254049301147e-02,-3.119716886430978775e-03,-1.625043153762817383e-01,-7.893915474414825439e-02,1.976891048252582550e-02,3.800520300865173340e-02,-2.377740852534770966e-02,-3.196405246853828430e-03,1.654062718152999878e-01,6.177639588713645935e-02,-1.516953259706497192e-01,7.694697380065917969e-02,5.374906584620475769e-02,3.201258182525634766e-01,1.602833122014999390e-01,1.019248515367507935e-01,-9.230537340044975281e-03,-9.438365697860717773e-02,5.752983316779136658e-02,-2.689558565616607666e-01,9.783279150724411011e-02,1.729649603366851807e-01,1.363653987646102905e-01,6.149066984653472900e-02,1.029548645019531250e-01,-1.176109313964843750e-01,5.076078698039054871e-02,8.661872148513793945e-02,-1.973172128200531006e-01,1.103430390357971191e-01,9.025581926107406616e-02,3.097882494330406189e-02,4.029892757534980774e-02,2.757623791694641113e-03,8.140252530574798584e-02,7.303716987371444702e-02,-1.338608562946319580e-01,-5.228762328624725342e-02,9.694973379373550415e-02,-9.528145939111709595e-02,1.242194697260856628e-02,1.297011822462081909e-01,-1.340950131416320801e-01,-2.953533232212066650e-01,-2.624914646148681641e-01,6.798382103443145752e-02,4.698951840400695801e-01,1.522847265005111694e-01,-1.408885866403579712e-01,-4.260206222534179688e-02,-7.510305941104888916e-02,-3.773725405335426331e-02,-4.748683422803878784e-04,4.650864005088806152e-02,-1.138584166765213013e-01,-3.574286773800849915e-02,-5.680605024099349976e-02,8.427499979734420776e-02,1.491510421037673950e-01,2.124677225947380066e-02,-3.243730962276458740e-02,2.565495371818542480e-01,6.411360204219818115e-02,-5.036823078989982605e-02,4.029179736971855164e-02,1.059694290161132812e-01,-8.927477896213531494e-02,-1.956991106271743774e-02,-1.034864783287048340e-01,7.971024140715599060e-03,-4.333690553903579712e-02,-1.020110249519348145e-01,1.467759534716606140e-02,8.450272679328918457e-02,-1.419904232025146484e-01,1.060383766889572144e-01,1.973889954388141632e-02,-7.403740286827087402e-02,-4.121486842632293701e-02,6.155412644147872925e-02,-1.367769688367843628e-01,-5.305444076657295227e-02,1.370160281658172607e-01,-2.706152498722076416e-01,1.422290951013565063e-01,2.242553830146789551e-01,4.464438185095787048e-03,1.006293073296546936e-01,7.095962762832641602e-02,9.553581476211547852e-02,-2.893787808716297150e-03,4.654253274202346802e-02,-6.792151182889938354e-02,-8.412340283393859863e-02,-1.461900770664215088e-02,-3.979871049523353577e-02,3.237736970186233521e-02,-6.754503119736909866e-03
-1.333733350038528442e-01,1.134399548172950745e-01,7.986754179000854492e-02,1.831962540745735168e-02,-6.362681090831756592e-02,4.149296507239341736e-02,-5.352795496582984924e-02,-6.656056642532348633e-02,1.055694147944450378e-01,1.430399622768163681e-02,2.440702319145202637e-01,1.946261525154113770e-02,-2.256071120500564575e-01,-6.122392416000366211e-02,-5.774075537919998169e-02,9.652335196733474731e-02,-2.015057653188705444e-01,-1.019159480929374695e-01,-5.045877024531364441e-02,-5.032866820693016052e-02,6.767215579748153687e-02,4.354146122932434082e-02,8.159613609313964844e-02,2.839640155434608459e-02,-2.628242671489715576e-01,-2.650814056396484375e-01,-7.242707908153533936e-02,-1.444603949785232544e-01,-2.276815474033355713e-02,-1.590559035539627075e-01,6.174132600426673889e-02,2.492083236575126648e-02,-1.699751913547515869e-01,-2.644245699048042297e-02,-1.408150419592857361e-03,2.831065282225608826e-02,-5.578107200562953949e-03,-3.452981263399124146e-02,2.056173831224441528e-01,3.229684010148048401e-02,-1.815169900655746460e-01,9.071028232574462891e-02,1.495278254151344299e-02,3.244960308074951172e-01,1.387516856193542480e-01,3.727645054459571838e-02,-4.394309595227241516e-03,-7.149433344602584839e-02,9.388358145952224731e-02,-2.584086656570434570e-01,1.109445393085479736e-01,1.946681886911392212e-01,1.079140231013298035e-01,2.196190506219863892e-02,2.661998942494392395e-02,-1.053546592593193054e-01,7.955785840749740601e-04,1.311503350734710693e-01,-1.879694461822509766e-01,9.815794974565505981e-02,7.244794815778732300e-02,3.665475174784660339e-03,5.260954424738883972e-02,-3.399109467864036560e-02,9.055997431278228760e-02,9.742092341184616089e-02,-1.147071421146392822e-01,-5.698937922716140747e-02,9.684948623180389404e-02,-7.010507583618164062e-02,-3.622044250369071960e-02,9.791556000709533691e-02,-1.521173864603042603e-01,-2.754103839397430420e-01,-2.819186449050903320e-01,1.030146032571792603e-01,4.191941916942596436e-01,1.284779757261276245e-01,-1.811456084251403809e-01,-3.655580803751945496e-02,-6.489295512437820435e-02,1.411474496126174927e-02,2.047371864318847656e-02,6.526324898004531860e-02,-1.254028230905532837e-01,-2.470220811665058136e-02,-6.998932361602783203e-02,9.864429384469985962e-02,1.682330518960952759e-01,-1.093374565243721008e-03,-6.880102306604385376e-02,2.470335960388183594e-01,5.050796270370483398e-02,-3.554407879710197449e-02,6.323457509279251099e-02,7.321425527334213257e-02,-6.202019751071929932e-02,5.967263132333755493e-04,-1.335563510656356812e-01,2.935571223497390747e-02,1.021671481430530548e-02,-6.549007445573806763e-02,1.523298956453800201e-02,1.038867607712745667e-01,-1.432626098394393921e-01,1.152620315551757812e-01,3.837895393371582031e-02,-8.954112231731414795e-02,-2.166778966784477234e-02,6.654828786849975586e-02,-1.355885416269302368e-01,-5.685163661837577820e-02,1.633545905351638794e-01,-2.439044862985610962e-01,1.851312220096588135e-01,1.951922476291656494e-01,4.051322117447853088e-02,1.313039064407348633e-01,9.506893903017044067e-02,8.250507712364196777e-02,-2.576328814029693604e-02,2.083330973982810974e-02,-7.297808676958084106e-02,-6.756094098091125488e-02,9.716122597455978394e-02,-9.485266171395778656e-03,6.954772025346755981e-02,1.515243668109178543e-03
-1.738868206739425659e-01,1.257509142160415649e-01,9.668513387441635132e-02,-2.267487533390522003e-02,-9.911271184682846069e-02,2.437329292297363281e-02,-7.253912836313247681e-02,-2.715805545449256897e-02,1.053856611251831055e-01,-3.013419359922409058e-02,2.519633471965789795e-01,1.444555632770061493e-02,-2.322582900524139404e-01,-9.833830595016479492e-02,-1.274426747113466263e-02,1.095195338129997253e-01,-2.064488977193832397e-01,-1.197132170200347900e-01,-1.578891649842262268e-03,-7.981188595294952393e-02,5.435729026794433594e-02,4.516210407018661499e-02,5.749263614416122437e-02,5.907841771841049194e-02,-2.142883837223052979e-01,-3.007388412952423096e-01,-7.413957267999649048e-02,-1.573390811681747437e-01,-3.248939290642738342e-03,-1.791210472583770752e-01,1.370192039757966995e-02,5.636744573712348938e-02,-1.757752150297164917e-01,-4.579574987292289734e-02,-5.610566586256027222e-04,9.355258941650390625e-02,8.942122571170330048e-03,-6.478574872016906738e-02,1.773472279310226440e-01,3.049010597169399261e-02,-1.540285199880599976e-01,6.630577147006988525e-02,2.921567857265472412e-02,3.291582465171813965e-01,1.338079869747161865e-01,2.935065142810344696e-02,-3.285858780145645142e-03,-4.960100352764129639e-02,1.198138892650604248e-01,-2.503722608089447021e-01,1.075686141848564148e-01,1.906307041645050049e-01,9.555548429489135742e-02,2.152618020772933960e-02,3.621409088373184204e-02,-1.278881132602691650e-01,3.948282822966575623e-02,1.110017597675323486e-01,-2.043524980545043945e-01,8.025947958230972290e-02,8.853036165237426758e-02,-3.181388229131698608e-02,7.814005017280578613e-03,-4.888332262635231018e-02,1.488336622714996338e-01,1.005197986960411072e-01,-9.288013726472854614e-02,-1.105465888977050781e-01,1.453430354595184326e-01,-4.741555452346801758e-02,-7.116329669952392578e-02,1.197625026106834412e-01,-1.683561503887176514e-01,-2.336651831865310669e-01,-2.313722670078277588e-01,1.613874137401580811e-01,4.035796821117401123e-01,1.666557043790817261e-01,-1.386123597621917725e-01,2.598000317811965942e-02,-8.009355515241622925e-02,-2.839282900094985962e-02,-2.059497497975826263e-02,7.774432003498077393e-02,-1.158030778169631958e-01,-1.600038260221481323e-02,-7.883056998252868652e-02,1.271329075098037720e-01,1.592981964349746704e-01,3.443418443202972412e-02,-4.156845062971115112e-02,2.377974987030029297e-01,5.011158064007759094e-02,1.159956399351358414e-02,6.500327587127685547e-02,2.797421067953109741e-02,-7.033178210258483887e-02,2.171388640999794006e-02,-1.623369306325912476e-01,-1.026944257318973541e-03,5.524986982345581055e-02,-1.037840098142623901e-01,-1.268981676548719406e-02,1.112017184495925903e-01,-1.856769621372222900e-01,1.069536954164505005e-01,1.701672375202178955e-02,-9.539422392845153809e-02,-3.844129294157028198e-02,3.437728434801101685e-02,-1.342638283967971802e-01,5.795373581349849701e-03,1.511486470699310303e-01,-2.713774740695953369e-01,2.145372927188873291e-01,1.986874043941497803e-01,1.286457180976867676e-01,1.458086967468261719e-01,1.268424540758132935e-01,5.105435475707054138e-02,2.281417697668075562e-02,-6.277919560670852661e-02,-1.264552175998687744e-01,-7.872122526168823242e-02,1.319838017225265503e-01,-2.830009907484054565e-02,5.597454681992530823e-02,2.780389785766601562e-02
-1.728361248970031738e-01,1.812711358070373535e-01,4.320351034402847290e-02,2.131043188273906708e-02,-1.829107850790023804e-02,-1.361535303294658661e-02,-3.237085789442062378e-02,-5.151401460170745850e-02,1.855407804250717163e-01,-1.275678165256977081e-03,2.335393428802490234e-01,5.909413099288940430e-02,-2.226663231849670410e-01,-1.023562178015708923e-01,-4.281568527221679688e-02,1.110233440995216370e-01,-1.999742835760116577e-01,-5.002666264772415161e-02,-8.313447237014770508e-02,-1.696129329502582550e-02,1.315469741821289062e-01,3.698003292083740234e-02,9.113749116659164429e-02,1.971828937530517578e-02,-1.996004432439804077e-01,-3.390096724033355713e-01,-8.254018425941467285e-02,-1.210623830556869507e-01,1.554517261683940887e-02,-1.183210015296936035e-01,4.605549946427345276e-02,-2.297096885740756989e-02,-1.959435343742370605e-01,-8.613379299640655518e-02,3.183560818433761597e-02,1.746734417974948883e-02,-6.606171280145645142e-02,2.395213395357131958e-02,1.642430722713470459e-01,1.779155805706977844e-03,-1.415188014507293701e-01,2.916970849037170410e-02,9.491941332817077637e-02,2.838045060634613037e-01,1.717180311679840088e-01,1.327976435422897339e-01,1.803031563758850098e-02,-1.145201474428176880e-01,6.347732990980148315e-02,-2.086727619171142578e-01,8.452892303466796875e-02,1.639755666255950928e-01,6.834794580936431885e-02,1.043595671653747559e-01,1.351649463176727295e-01,-1.639145463705062866e-01,3.579674661159515381e-02,6.750725954771041870e-02,-1.938961595296859741e-01,6.086723133921623230e-02,6.097144261002540588e-02,2.692517824470996857e-02,3.496021032333374023e-03,5.328381899744272232e-03,1.443866789340972900e-01,4.421287449076771736e-04,-1.504775583744049072e-01,-4.846218973398208618e-02,8.390471339225769043e-02,-1.293606907129287720e-01,5.934988707304000854e-02,1.087768524885177612e-01,-9.465732425451278687e-02,-2.773557007312774658e-01,-2.815733253955841064e-01,9.016458690166473389e-02,4.548056721687316895e-01,1.783597767353057861e-01,-9.247513860464096069e-02,-6.648509763181209564e-03,-6.912279874086380005e-02,-7.318909466266632080e-02,-8.723570499569177628e-05,5.606456845998764038e-02,-1.445149779319763184e-01,-9.559443220496177673e-03,-4.768282920122146606e-02,1.024759933352470398e-01,9.894690662622451782e-02,3.870612382888793945e-02,1.904474105685949326e-03,2.517959773540496826e-01,3.627202287316322327e-02,-3.239759057760238647e-02,-2.551507204771041870e-04,4.955681413412094116e-02,-1.421200633049011230e-01,9.054411202669143677e-04,-9.804838150739669800e-02,-3.947054967284202576e-03,-1.528556738048791885e-02,-1.091778576374053955e-01,2.748280391097068787e-02,6.792202591896057129e-02,-1.561619043350219727e-01,9.781879186630249023e-02,4.257279634475708008e-02,-5.914309620857238770e-02,-4.720239341259002686e-02,8.677092194557189941e-02,-1.759144663810729980e-01,-7.066071033477783203e-02,8.830675482749938965e-02,-2.696585059165954590e-01,2.124552577733993530e-01,1.998683810234069824e-01,3.870850801467895508e-02,1.511808037757873535e-01,7.654847949743270874e-02,1.015256419777870178e-01,-5.182282999157905579e-03,3.046779334545135498e-02,-4.783993586897850037e-02,-5.701724439859390259e-02,3.915738314390182495e-02,-3.895554319024085999e-02,9.426902234554290771e-02,-2.926879376173019409e-02
-1.638964712619781494e-01,2.269583344459533691e-01,4.568554088473320007e-02,2.859583124518394470e-02,-5.343222245573997498e-02,-6.120652891695499420e-03,-4.362535476684570312e-02,-6.342995166778564453e-02,1.603527516126632690e-01,3.718145936727523804e-02,2.351539433002471924e-01,2.848644182085990906e-02,-2.126318365335464478e-01,-4.110040515661239624e-02,-5.825624987483024597e-02,7.888265699148178101e-02,-2.020768672227859497e-01,-6.100930646061897278e-02,-1.141678839921951294e-01,-2.549727447330951691e-02,1.404618769884109497e-01,4.086701944470405579e-02,1.019281297922134399e-01,1.735083386301994324e-02,-1.994228512048721313e-01,-3.348138034343719482e-01,-4.523275792598724365e-02,-1.380571275949478149e-01,3.364709019660949707e-02,-1.158326640725135803e-01,3.812677413225173950e-02,-4.387132078409194946e-02,-1.955925077199935913e-01,-1.005641669034957886e-01,2.182553149759769440e-02,1.220024004578590393e-02,-7.452590763568878174e-02,1.242474000900983810e-02,1.623592078685760498e-01,-3.825463354587554932e-02,-1.527620553970336914e-01,7.037454098463058472e-02,1.158725693821907043e-01,2.974298298358917236e-01,2.059373408555984497e-01,1.231455728411674500e-01,1.713614910840988159e-03,-1.200948804616928101e-01,4.931568354368209839e-02,-2.136945128440856934e-01,1.145602613687515259e-01,1.655775606632232666e-01,7.089323550462722778e-02,9.273856878280639648e-02,1.247789859771728516e-01,-1.428863406181335449e-01,2.265935391187667847e-02,6.845387816429138184e-02,-1.976318210363388062e-01,6.366156786680221558e-02,1.012808531522750854e-01,4.287762567400932312e-02,-4.950625821948051453e-03,-2.899128571152687073e-02,1.485273689031600952e-01,2.374179661273956299e-02,-1.390058100223541260e-01,-6.072217971086502075e-02,2.939033880829811096e-02,-1.356728374958038330e-01,2.023702487349510193e-02,9.813418239355087280e-02,-9.549053758382797241e-02,-2.558714449405670166e-01,-2.791763842105865479e-01,9.010173380374908447e-02,4.713754057884216309e-01,1.513821482658386230e-01,-1.119865775108337402e-01,3.535942174494266510e-03,-6.192158535122871399e-02,-8.111509680747985840e-02,5.583317019045352936e-03,3.266495838761329651e-02,-1.510844081640243530e-01,-2.454181388020515442e-02,-7.660271972417831421e-02,1.085948050022125244e-01,1.162020340561866760e-01,1.583476550877094269e-02,-1.853554323315620422e-02,2.452784180641174316e-01,3.595553711056709290e-02,-6.812746822834014893e-02,2.168821543455123901e-02,8.148549497127532959e-02,-1.727466434240341187e-01,4.484339617192745209e-03,-1.363996118307113647e-01,-2.610201016068458557e-02,-3.263451159000396729e-03,-8.972635865211486816e-02,-5.277914460748434067e-03,5.886359512805938721e-02,-1.599742174148559570e-01,9.313220530748367310e-02,3.538154810667037964e-02,-5.033044144511222839e-02,-2.579119242727756500e-02,4.168508201837539673e-02,-1.714958101511001587e-01,-7.888204604387283325e-02,1.235434785485267639e-01,-2.438584417104721069e-01,1.922344118356704712e-01,1.724849641323089600e-01,6.820397824048995972e-02,1.408609598875045776e-01,1.013868376612663269e-01,6.612658500671386719e-02,1.524031348526477814e-02,7.746949046850204468e-02,-7.631514221429824829e-02,-4.918373003602027893e-02,5.300259962677955627e-02,-3.343311697244644165e-02,9.686857461929321289e-02,-3.582962788641452789e-03
-1.757947653532028198e-01,2.095055729150772095e-01,5.804881080985069275e-02,3.327599912881851196e-02,-3.616329655051231384e-02,-1.604536548256874084e-03,-4.610164463520050049e-02,-7.687561959028244019e-02,1.505442708730697632e-01,1.424712128937244415e-02,2.321565151214599609e-01,3.693248331546783447e-02,-2.294237166643142700e-01,-2.794407308101654053e-02,-8.170261234045028687e-02,7.155622541904449463e-02,-1.658820807933807373e-01,-6.491895020008087158e-02,-1.154849305748939514e-01,-3.608212247490882874e-02,1.273373663425445557e-01,5.308894813060760498e-02,7.615301758050918579e-02,1.414396800100803375e-02,-2.000798434019088745e-01,-3.103961050510406494e-01,-5.241205915808677673e-02,-1.001979261636734009e-01,1.236760057508945465e-02,-1.133069768548011780e-01,4.060860723257064819e-02,-4.989400506019592285e-02,-1.912040412425994873e-01,-7.997824996709823608e-02,1.625877618789672852e-02,1.229177601635456085e-02,-1.010883748531341553e-01,-1.015826221555471420e-02,1.586869508028030396e-01,-1.964026689529418945e-02,-1.351565569639205933e-01,6.905880570411682129e-02,9.078031778335571289e-02,3.140177130699157715e-01,1.809580922126770020e-01,1.180279254913330078e-01,-6.815340369939804077e-03,-1.444600373506546021e-01,5.179315805435180664e-02,-2.205681949853897095e-01,9.766937792301177979e-02,1.781016886234283447e-01,5.812583863735198975e-02,1.045268625020980835e-01,9.061506390571594238e-02,-1.503490209579467773e-01,2.047215960919857025e-02,9.215570986270904541e-02,-1.917715221643447876e-01,6.647709012031555176e-02,7.112833112478256226e-02,1.415470056235790253e-02,-1.709984615445137024e-03,-4.911086335778236389e-02,1.432310491800308228e-01,2.862215973436832428e-02,-1.540610939264297485e-01,-3.326755762100219727e-02,5.361147969961166382e-02,-1.222386881709098816e-01,3.737680241465568542e-02,8.974486589431762695e-02,-8.867238461971282959e-02,-2.779219448566436768e-01,-2.574984133243560791e-01,1.146445423364639282e-01,4.826958179473876953e-01,1.658012866973876953e-01,-9.757675975561141968e-02,-1.185362320393323898e-02,-7.718180119991302490e-02,-6.767710298299789429e-02,-1.025554444640874863e-02,3.652539476752281189e-02,-1.668435484170913696e-01,-4.464609175920486450e-02,-5.952458456158638000e-02,1.099491789937019348e-01,1.287573724985122681e-01,2.880299091339111328e-02,-2.451970800757408142e-02,2.441732734441757202e-01,4.605986922979354858e-02,-7.101482897996902466e-02,2.256085351109504700e-02,7.836901396512985229e-02,-1.820023953914642334e-01,-1.341856550425291061e-03,-1.212595105171203613e-01,-2.837973646819591522e-02,-1.276822388172149658e-02,-1.113921999931335449e-01,1.993832550942897797e-02,7.364653050899505615e-02,-1.536531150341033936e-01,1.272392868995666504e-01,5.614979565143585205e-02,-5.699690431356430054e-02,6.109531503170728683e-03,5.097362399101257324e-02,-1.589445620775222778e-01,-8.974646031856536865e-02,1.156578958034515381e-01,-2.441888749599456787e-01,1.882150918245315552e-01,1.686470061540603638e-01,1.045956462621688843e-01,1.723144352436065674e-01,1.011777222156524658e-01,8.828456699848175049e-02,-2.826403826475143433e-03,7.408417761325836182e-02,-6.798548251390457153e-02,-4.974559321999549866e-02,5.781888961791992188e-02,-1.234651915729045868e-02,1.061530634760856628e-01,-3.999278880655765533e-03
-1.265503913164138794e-01,1.774181425571441650e-01,4.426677525043487549e-02,4.123583808541297913e-02,-4.000017419457435608e-02,-5.180552601814270020e-02,-6.073937192559242249e-02,-7.917495071887969971e-02,1.196592897176742554e-01,1.451272517442703247e-02,2.204299122095108032e-01,7.776423357427120209e-03,-2.030373811721801758e-01,-5.919196084141731262e-02,-8.603069931268692017e-03,7.984066009521484375e-02,-2.090832144021987915e-01,-5.779796466231346130e-02,-8.448914438486099243e-02,-4.368522390723228455e-02,1.072376668453216553e-01,3.870324417948722839e-02,1.285712718963623047e-01,2.106060087680816650e-02,-2.115944325923919678e-01,-3.616688847541809082e-01,-6.063160672783851624e-02,-1.793812066316604614e-01,7.911404967308044434e-02,-1.061805114150047302e-01,-5.337648093700408936e-03,-6.245516240596771240e-03,-1.853681355714797974e-01,-9.623362869024276733e-02,4.478076845407485962e-02,-1.652415841817855835e-03,-5.616657435894012451e-02,3.827057033777236938e-02,1.849285513162612915e-01,-5.612529814243316650e-03,-1.649923622608184814e-01,3.832785040140151978e-02,5.551049858331680298e-02,2.939758002758026123e-01,1.785272359848022461e-01,1.362190544605255127e-01,2.815026231110095978e-02,-1.417388021945953369e-01,4.796526208519935608e-02,-1.781439483165740967e-01,1.574171036481857300e-01,1.626001298427581787e-01,5.217921733856201172e-02,8.357366174459457397e-02,9.571681916713714600e-02,-1.384184807538986206e-01,2.568609640002250671e-02,4.592371359467506409e-02,-2.455240637063980103e-01,7.887523621320724487e-02,1.507864594459533691e-01,2.709779143333435059e-02,-3.318918868899345398e-03,-3.102796897292137146e-02,1.570737063884735107e-01,1.972789689898490906e-02,-1.312028467655181885e-01,-5.128201097249984741e-02,5.938426405191421509e-02,-1.507485508918762207e-01,4.937351867556571960e-02,9.940082579851150513e-02,-1.003837436437606812e-01,-2.446557432413101196e-01,-2.957620322704315186e-01,6.765565276145935059e-02,4.235332906246185303e-01,1.677215844392776489e-01,-8.224472403526306152e-02,-2.253931947052478790e-02,-7.095262408256530762e-02,-8.206912875175476074e-02,5.919819697737693787e-02,5.601424723863601685e-02,-1.289985775947570801e-01,-1.943528652191162109e-02,-2.013844624161720276e-02,1.285055577754974365e-01,8.039237558841705322e-02,5.284560844302177429e-03,-1.795220747590065002e-02,2.309955060482025146e-01,1.136944256722927094e-02,-2.010281383991241455e-02,1.186988689005374908e-02,8.026393502950668335e-02,-1.681174933910369873e-01,1.893742009997367859e-04,-9.986522793769836426e-02,1.437355298548936844e-02,-3.235649317502975464e-02,-7.227367907762527466e-02,3.137967362999916077e-02,8.572656661272048950e-02,-1.346680223941802979e-01,9.303224086761474609e-02,2.418945543467998505e-02,-5.600870400667190552e-02,-1.316423155367374420e-02,5.485190451145172119e-02,-1.547596901655197144e-01,-1.408715099096298218e-01,9.903645515441894531e-02,-2.558545768260955811e-01,1.826758831739425659e-01,2.013982087373733521e-01,7.393047958612442017e-02,1.259745061397552490e-01,4.887139052152633667e-02,6.616979837417602539e-02,-6.728524342179298401e-03,3.256879746913909912e-02,-1.355858296155929565e-01,-3.850412089377641678e-03,7.143491506576538086e-02,-2.995844185352325439e-02,6.481178849935531616e-02,-1.363709382712841034e-02
-1.367933154106140137e-01,2.099396586418151855e-01,6.865239888429641724e-02,1.754733501002192497e-03,-3.877452388405799866e-02,4.576769657433032990e-03,-9.342787414789199829e-02,-4.808719828724861145e-02,1.408489793539047241e-01,4.602605849504470825e-02,2.629142999649047852e-01,2.764523588120937347e-02,-2.197616994380950928e-01,-1.731307990849018097e-02,-7.458838820457458496e-02,1.186326071619987488e-01,-1.740893125534057617e-01,-2.963857352733612061e-02,-1.197596490383148193e-01,-1.398088317364454269e-02,1.340267211198806763e-01,5.472045391798019409e-02,5.145840346813201904e-02,4.687292501330375671e-03,-1.827458590269088745e-01,-3.137493133544921875e-01,-6.581497937440872192e-02,-8.134968578815460205e-02,-1.635096967220306396e-03,-1.108515262603759766e-01,-6.980625912547111511e-04,-3.257948160171508789e-02,-1.899994760751724243e-01,-9.221889823675155640e-02,4.747493565082550049e-02,4.132382571697235107e-02,-6.713896989822387695e-02,-1.038114354014396667e-02,1.202849969267845154e-01,3.753527253866195679e-02,-1.450126022100448608e-01,9.716133028268814087e-02,8.219495415687561035e-02,2.975868582725524902e-01,2.014288902282714844e-01,1.117837950587272644e-01,1.250775810331106186e-02,-9.923806786537170410e-02,4.815897345542907715e-02,-2.383403033018112183e-01,9.661457687616348267e-02,1.434929966926574707e-01,1.314898431301116943e-01,8.483165502548217773e-02,1.061735004186630249e-01,-1.639735698699951172e-01,1.067614089697599411e-02,9.614917635917663574e-02,-2.146370559930801392e-01,8.489488065242767334e-02,9.036580473184585571e-02,2.349210903048515320e-03,-1.487410627305507660e-02,-5.702760070562362671e-02,1.159527227282524109e-01,6.741560995578765869e-02,-1.672168374061584473e-01,-6.178624555468559265e-02,5.967338010668754578e-02,-8.885764330625534058e-02,5.671916157007217407e-02,1.080483049154281616e-01,-9.270165115594863892e-02,-2.775136530399322510e-01,-2.825968265533447266e-01,9.837844967842102051e-02,4.678407609462738037e-01,1.525175273418426514e-01,-1.664982885122299194e-01,-6.203276291489601135e-02,-5.927080288529396057e-02,-4.533094540238380432e-02,-2.016009390354156494e-02,4.954440519213676453e-03,-1.375891417264938354e-01,-1.571223884820938110e-02,-8.320070803165435791e-02,8.085200190544128418e-02,1.343867629766464233e-01,1.091632433235645294e-02,-9.230686351656913757e-03,2.828346192836761475e-01,2.257084101438522339e-02,-5.564738810062408447e-02,9.993650950491428375e-03,1.104589775204658508e-01,-1.458355486392974854e-01,-2.848796546459197998e-02,-1.100030764937400818e-01,-2.834948711097240448e-02,-2.838644385337829590e-02,-1.553594768047332764e-01,-5.805705673992633820e-03,6.446476280689239502e-02,-1.634394973516464233e-01,9.669610857963562012e-02,2.891259826719760895e-02,-3.557726740837097168e-02,-2.886643074452877045e-02,6.110249459743499756e-02,-1.658827960491180420e-01,-8.081600069999694824e-02,1.548548042774200439e-01,-2.547232806682586670e-01,1.504170000553131104e-01,2.049598395824432373e-01,5.880763009190559387e-02,1.243850067257881165e-01,9.007722139358520508e-02,8.899325132369995117e-02,-7.616598159074783325e-03,2.880839258432388306e-02,-6.088064610958099365e-02,-7.677552103996276855e-02,8.571640588343143463e-03,-2.562640979886054993e-02,6.570565700531005859e-02,4.644156899303197861e-03
-1.360553056001663208e-01,1.875343769788742065e-01,2.079830877482891083e-02,3.331357240676879883e-02,-3.980564326047897339e-02,-2.453425899147987366e-02,-4.533617943525314331e-02,-7.898592948913574219e-02,1.491616219282150269e-01,7.070969790220260620e-03,2.335541546344757080e-01,4.161354899406433105e-02,-1.905919760465621948e-01,-5.907421559095382690e-02,-2.455007843673229218e-02,4.244141280651092529e-02,-1.948995739221572876e-01,-6.387342512607574463e-02,-9.779189527034759521e-02,-1.565965451300144196e-02,1.113675832748413086e-01,2.079761028289794922e-02,1.281369030475616455e-01,3.297681361436843872e-02,-2.285651713609695435e-01,-3.457001149654388428e-01,-6.132330745458602905e-02,-1.705863028764724731e-01,7.980736345052719116e-02,-1.001742407679557800e-01,-1.155976206064224243e-03,7.156349252909421921e-03,-2.011232823133468628e-01,-9.716455638408660889e-02,3.327494114637374878e-02,5.012081936001777649e-03,-6.195441633462905884e-02,5.799836292862892151e-02,2.039808630943298340e-01,-1.263933256268501282e-03,-1.754798889160156250e-01,4.942465573549270630e-02,5.997736379504203796e-02,3.024747371673583984e-01,1.864784508943557739e-01,1.317559331655502319e-01,2.795071154832839966e-02,-1.270210295915603638e-01,6.483185291290283203e-02,-1.869339495897293091e-01,1.566829234361648560e-01,1.924218088388442993e-01,9.173512458801269531e-02,6.783269345760345459e-02,1.147910878062248230e-01,-1.453293710947036743e-01,2.168201468884944916e-02,4.357975721359252930e-02,-2.076379805803298950e-01,8.528961241245269775e-02,1.284825950860977173e-01,2.916017174720764160e-02,1.727862283587455750e-03,-3.286617249250411987e-02,1.454860717058181763e-01,2.270440384745597839e-02,-1.268534511327743530e-01,-4.514567553997039795e-02,7.271626591682434082e-02,-1.450105756521224976e-01,5.322137475013732910e-02,1.179258599877357483e-01,-1.079553365707397461e-01,-2.557629644870758057e-01,-2.729439735412597656e-01,7.510300725698471069e-02,4.384572207927703857e-01,1.894871294498443604e-01,-8.080363273620605469e-02,-9.686592966318130493e-05,-8.319885283708572388e-02,-8.959225565195083618e-02,2.422015555202960968e-02,6.195154786109924316e-02,-1.554968357086181641e-01,-1.035128347575664520e-02,-3.146757557988166809e-02,1.261931210756301880e-01,9.090664982795715332e-02,2.237800881266593933e-02,-5.656381137669086456e-03,2.362287789583206177e-01,1.956916972994804382e-02,-3.248915821313858032e-02,1.362939365208148956e-02,5.661867558956146240e-02,-1.828640103340148926e-01,-8.439387194812297821e-03,-1.017900109291076660e-01,7.918170653283596039e-03,-3.326088935136795044e-02,-8.267439901828765869e-02,3.007941879332065582e-02,8.995601534843444824e-02,-1.508191525936126709e-01,8.722800761461257935e-02,7.541052531450986862e-03,-5.060720443725585938e-02,-4.729238338768482208e-03,6.182356923818588257e-02,-1.399823427200317383e-01,-1.352474987506866455e-01,8.745889365673065186e-02,-2.505608797073364258e-01,1.772270053625106812e-01,1.688021421432495117e-01,5.460649356245994568e-02,1.239583194255828857e-01,7.509958744049072266e-02,7.736553251743316650e-02,4.425141029059886932e-03,5.816519260406494141e-02,-1.214625686407089233e-01,-2.533495239913463593e-02,6.518764048814773560e-02,-4.870400577783584595e-02,7.442067563533782959e-02,-2.751348167657852173e-02
-1.593678593635559082e-01,1.725325733423233032e-01,2.585216052830219269e-02,2.097802981734275818e-02,-1.716366782784461975e-02,-2.603298053145408630e-03,-1.454697176814079285e-02,-5.110169947147369385e-02,1.826128959655761719e-01,-2.699210122227668762e-02,2.330226451158523560e-01,3.663019090890884399e-02,-2.203923463821411133e-01,-8.627424389123916626e-02,-3.988929092884063721e-02,9.098618477582931519e-02,-1.819163560867309570e-01,-6.167431920766830444e-02,-7.892275601625442505e-02,-9.973519481718540192e-03,1.476585716009140015e-01,3.944116458296775818e-02,8.756940811872482300e-02,3.531879931688308716e-02,-2.113980948925018311e-01,-3.400127589702606201e-01,-7.754471153020858765e-02,-1.295539885759353638e-01,1.673297770321369171e-02,-1.127410158514976501e-01,4.715218394994735718e-02,4.880212713032960892e-03,-1.976589858531951904e-01,-8.191557228565216064e-02,2.100386656820774078e-02,2.247697673738002777e-02,-6.203614547848701477e-02,3.945891186594963074e-02,1.659456193447113037e-01,6.705604493618011475e-03,-1.461686193943023682e-01,3.325165063142776489e-02,7.412936538457870483e-02,3.040691912174224854e-01,1.526794731616973877e-01,1.293488144874572754e-01,8.700178936123847961e-03,-1.215304434299468994e-01,6.426838040351867676e-02,-2.149450033903121948e-01,1.088285073637962341e-01,1.616632193326950073e-01,6.975671648979187012e-02,9.486015141010284424e-02,1.142034977674484253e-01,-1.431068778038024902e-01,4.060243815183639526e-02,5.687689781188964844e-02,-2.011985778808593750e-01,6.644958257675170898e-02,7.970896363258361816e-02,1.001476682722568512e-02,-1.831030473113059998e-03,-9.984164498746395111e-03,1.532894968986511230e-01,-1.493170275352895260e-03,-1.458860337734222412e-01,-4.310455545783042908e-02,7.412666082382202148e-02,-1.259778589010238647e-01,5.020342022180557251e-02,1.020962297916412354e-01,-9.918348491191864014e-02,-2.601069808006286621e-01,-2.762390971183776855e-01,1.085357964038848877e-01,4.611035883426666260e-01,1.748728752136230469e-01,-7.939040660858154297e-02,1.722759939730167389e-02,-7.710193842649459839e-02,-6.830707937479019165e-02,3.941120114177465439e-03,6.646347790956497192e-02,-1.412689685821533203e-01,-1.636046916246414185e-02,-4.693107306957244873e-02,1.240848451852798462e-01,8.666388690471649170e-02,2.451012656092643738e-02,-5.344510078430175781e-03,2.500119805335998535e-01,2.328110113739967346e-02,-2.937639690935611725e-02,9.017576463520526886e-03,4.549945518374443054e-02,-1.644992977380752563e-01,3.537224605679512024e-03,-9.420492500066757202e-02,-7.609306834638118744e-03,-6.095077842473983765e-03,-9.228288382291793823e-02,2.521053701639175415e-02,7.909698784351348877e-02,-1.551698744297027588e-01,1.147014573216438293e-01,2.150670439004898071e-02,-5.779940262436866760e-02,-5.666621960699558258e-03,7.632507383823394775e-02,-1.740120500326156616e-01,-9.271231293678283691e-02,7.404483109712600708e-02,-2.577914297580718994e-01,1.805097013711929321e-01,1.626009494066238403e-01,5.472666397690773010e-02,1.538411825895309448e-01,8.876345306634902954e-02,1.060252934694290161e-01,-1.077619381248950958e-03,4.748740419745445251e-02,-9.348029643297195435e-02,-3.936031088232994080e-02,7.955306023359298706e-02,-2.452891692519187927e-02,8.754830062389373779e-02,-3.635831922292709351e-02
-1.508456021547317505e-01,1.941653341054916382e-01,1.327207125723361969e-02,6.584018003195524216e-03,-1.913229562342166901e-02,1.329618692398071289e-02,-2.083248831331729889e-02,-7.313817739486694336e-02,1.615060865879058838e-01,-3.313417360186576843e-02,2.346478998661041260e-01,4.706893116235733032e-02,-1.858266443014144897e-01,-9.005489200353622437e-02,-3.086162731051445007e-02,6.538324803113937378e-02,-1.959311515092849731e-01,-8.981419354677200317e-02,-7.636483758687973022e-02,-1.162537932395935059e-02,1.253374218940734863e-01,4.136967286467552185e-02,9.667862951755523682e-02,2.961875870823860168e-02,-2.122237235307693481e-01,-3.538056612014770508e-01,-7.610110938549041748e-02,-1.387737989425659180e-01,6.813741475343704224e-02,-1.254579871892929077e-01,3.793738782405853271e-02,-2.603566087782382965e-02,-2.093165218830108643e-01,-8.331305533647537231e-02,1.431973092257976532e-02,1.438009366393089294e-02,-6.262401491403579712e-02,4.881613329052925110e-02,1.911503821611404419e-01,1.875050179660320282e-02,-1.417338103055953979e-01,4.686954990029335022e-02,7.410795241594314575e-02,3.349920809268951416e-01,1.804891824722290039e-01,1.063458621501922607e-01,1.628453470766544342e-02,-1.237901002168655396e-01,5.358662456274032593e-02,-1.951277107000350952e-01,1.268773227930068970e-01,1.461638659238815308e-01,8.677811175584793091e-02,8.386363834142684937e-02,1.133183985948562622e-01,-1.309909373521804810e-01,1.055771112442016602e-02,6.138050556182861328e-02,-2.024219483137130737e-01,9.433630108833312988e-02,8.879444003105163574e-02,1.242076419293880463e-02,8.316228166222572327e-03,-1.553344726562500000e-02,1.752941161394119263e-01,-5.952921696007251740e-03,-1.327828764915466309e-01,-5.919583514332771301e-02,7.569523155689239502e-02,-1.284577250480651855e-01,4.916415363550186157e-02,1.028902754187583923e-01,-8.575730025768280029e-02,-2.386086136102676392e-01,-2.740443646907806396e-01,1.029033437371253967e-01,4.419721662998199463e-01,1.865781843662261963e-01,-7.767645269632339478e-02,2.492948994040489197e-02,-8.562082797288894653e-02,-7.967825233936309814e-02,2.511093206703662872e-02,6.871600449085235596e-02,-1.377617567777633667e-01,-8.073937147855758667e-03,-3.675144538283348083e-02,1.418688744306564331e-01,8.842433989048004150e-02,3.479817509651184082e-02,-2.096868120133876801e-02,2.324774563312530518e-01,7.263313978910446167e-03,-2.237912267446517944e-02,2.250937744975090027e-02,4.348448291420936584e-02,-1.832795739173889160e-01,6.916669663041830063e-03,-1.075961813330650330e-01,-1.081171818077564240e-02,-4.095189645886421204e-02,-7.476118206977844238e-02,4.872233048081398010e-02,1.019636467099189758e-01,-1.350044757127761841e-01,1.070496663451194763e-01,1.705444976687431335e-02,-5.812327563762664795e-02,-5.386182107031345367e-03,7.623863220214843750e-02,-1.536439061164855957e-01,-1.142831221222877502e-01,7.303967326879501343e-02,-2.719878852367401123e-01,1.737694293260574341e-01,1.630101799964904785e-01,4.866800457239151001e-02,1.469150632619857788e-01,9.471618384122848511e-02,8.288951218128204346e-02,6.797575391829013824e-03,6.325692683458328247e-02,-1.079691946506500244e-01,-4.113664850592613220e-03,6.366936862468719482e-02,-3.146903961896896362e-02,1.076563000679016113e-01,-2.892303466796875000e-02
-1.405208557844161987e-01,1.958329379558563232e-01,2.838166803121566772e-02,2.725383453071117401e-02,-1.809370890259742737e-02,3.895294386893510818e-03,-6.986254826188087463e-03,-5.727204307913780212e-02,1.562857329845428467e-01,-2.035870403051376343e-02,2.097128033638000488e-01,4.034242779016494751e-02,-2.145036309957504272e-01,-7.692303508520126343e-02,-2.836706675589084625e-02,5.627018958330154419e-02,-1.955029666423797607e-01,-6.887807697057723999e-02,-8.929154276847839355e-02,-4.554186016321182251e-04,1.409547477960586548e-01,6.329831480979919434e-02,1.174513027071952820e-01,1.724446937441825867e-02,-2.189554125070571899e-01,-3.522320985794067383e-01,-7.420568913221359253e-02,-1.488717794418334961e-01,6.724455952644348145e-02,-1.036250218749046326e-01,3.085606917738914490e-02,-1.801299303770065308e-02,-1.891009360551834106e-01,-7.759754359722137451e-02,2.125934511423110962e-02,4.200624302029609680e-03,-7.344892621040344238e-02,3.902678936719894409e-02,1.984177082777023315e-01,1.649701781570911407e-02,-1.642986834049224854e-01,3.514683246612548828e-02,6.047967076301574707e-02,3.224670588970184326e-01,1.778331696987152100e-01,1.099860742688179016e-01,1.782964915037155151e-02,-1.324131339788436890e-01,4.401216283440589905e-02,-1.944503933191299438e-01,1.377084702253341675e-01,1.633913666009902954e-01,7.481844723224639893e-02,8.929261565208435059e-02,1.217900142073631287e-01,-1.469928771257400513e-01,1.026358641684055328e-02,5.919315665960311890e-02,-2.106266468763351440e-01,7.856379449367523193e-02,8.050673454999923706e-02,1.397191826254129410e-02,8.197436109185218811e-03,-2.111270278692245483e-02,1.655321568250656128e-01,-1.011283230036497116e-02,-1.449800729751586914e-01,-5.148227512836456299e-02,9.469545632600784302e-02,-1.439023613929748535e-01,5.453343316912651062e-02,1.161236613988876343e-01,-9.465919435024261475e-02,-2.357084155082702637e-01,-2.752838134765625000e-01,8.835530281066894531e-02,4.523822367191314697e-01,1.746646165847778320e-01,-7.318171858787536621e-02,1.331854518502950668e-02,-9.196187555789947510e-02,-8.391355723142623901e-02,2.201093174517154694e-02,9.972358494997024536e-02,-1.423212289810180664e-01,-5.218327045440673828e-03,-1.874687895178794861e-02,1.338487118482589722e-01,7.192531228065490723e-02,1.815463230013847351e-02,-3.378298506140708923e-02,2.390974313020706177e-01,2.511647716164588928e-02,-2.840922214090824127e-02,2.630181610584259033e-02,2.987267076969146729e-02,-1.679166406393051147e-01,-6.747532635927200317e-03,-9.930281341075897217e-02,7.431274279952049255e-04,-3.353122621774673462e-02,-1.012348681688308716e-01,3.102514892816543579e-02,1.081650257110595703e-01,-1.364222168922424316e-01,1.024852767586708069e-01,3.233505412936210632e-02,-6.462568044662475586e-02,1.098827738314867020e-02,6.176776811480522156e-02,-1.595327705144882202e-01,-1.191024258732795715e-01,8.486678451299667358e-02,-2.847459018230438232e-01,1.739183664321899414e-01,1.643627285957336426e-01,4.442637786269187927e-02,1.468935310840606689e-01,7.831382751464843750e-02,9.723079949617385864e-02,8.825986646115779877e-03,6.094157695770263672e-02,-1.223528832197189331e-01,-7.344968616962432861e-03,7.742559164762496948e-02,-2.983693219721317291e-02,8.945759385824203491e-02,-3.110120072960853577e-02
-1.456084549427032471e-01,2.276735156774520874e-01,8.965014666318893433e-02,3.845660015940666199e-02,-3.604504093527793884e-02,1.178864389657974243e-02,-6.668750941753387451e-02,-7.566583156585693359e-02,1.705015301704406738e-01,2.613359689712524414e-02,2.608853578567504883e-01,3.172837570309638977e-02,-2.207654714584350586e-01,-5.351832509040832520e-02,-5.853799358010292053e-02,9.902946650981903076e-02,-1.819298565387725830e-01,-6.494911015033721924e-02,-1.116964891552925110e-01,-4.932694137096405029e-02,1.456470340490341187e-01,5.673447996377944946e-02,6.908693909645080566e-02,-1.964967232197523117e-03,-2.259434312582015991e-01,-3.487825095653533936e-01,-3.658004850149154663e-02,-1.225189045071601868e-01,-8.210994303226470947e-03,-1.404609382152557373e-01,2.398858219385147095e-02,-5.139059573411941528e-02,-2.068250626325607300e-01,-8.440607041120529175e-02,1.129809767007827759e-02,4.050619900226593018e-03,-3.342907503247261047e-02,1.754850149154663086e-03,1.497516185045242310e-01,-1.477392856031656265e-02,-1.716923713684082031e-01,9.258303791284561157e-02,7.838100194931030273e-02,2.825054526329040527e-01,1.831003129482269287e-01,9.244693070650100708e-02,1.354645378887653351e-02,-1.204795241355895996e-01,4.557583853602409363e-02,-1.918456554412841797e-01,1.000571101903915405e-01,1.605627387762069702e-01,6.381153315305709839e-02,6.401908397674560547e-02,1.077420115470886230e-01,-1.332402676343917847e-01,-4.364141076803207397e-02,8.871768414974212646e-02,-1.951604783535003662e-01,7.061744481325149536e-02,9.208968281745910645e-02,6.774500012397766113e-03,-1.126822829246520996e-02,-4.705148190259933472e-02,1.034952029585838318e-01,4.241121932864189148e-02,-1.275863945484161377e-01,-6.156903505325317383e-02,4.188621789216995239e-02,-1.151787340641021729e-01,3.648417815566062927e-02,9.534640610218048096e-02,-8.664894849061965942e-02,-2.692468762397766113e-01,-2.803801894187927246e-01,9.853874146938323975e-02,4.778652787208557129e-01,1.311375498771667480e-01,-1.550142616033554077e-01,-2.878110110759735107e-02,-6.784642487764358521e-02,-6.567251682281494141e-02,1.783577539026737213e-02,2.837997861206531525e-02,-1.090821921825408936e-01,7.574165239930152893e-03,-5.680685117840766907e-02,1.325281113386154175e-01,1.482115834951400757e-01,2.980801649391651154e-02,-9.460280649363994598e-03,2.759143710136413574e-01,1.455289777368307114e-02,-7.320208847522735596e-02,1.103620044887065887e-02,8.604656159877777100e-02,-1.508719921112060547e-01,3.191128838807344437e-03,-1.137609630823135376e-01,-2.159998007118701935e-02,-9.653555229306221008e-03,-8.538304269313812256e-02,1.396567560732364655e-02,5.546390637755393982e-02,-1.685988008975982666e-01,7.738589495420455933e-02,4.158467799425125122e-02,-5.327719077467918396e-02,-1.719903014600276947e-02,6.227924302220344543e-02,-1.455371826887130737e-01,-9.000444412231445312e-02,1.447969526052474976e-01,-2.465425580739974976e-01,1.712110042572021484e-01,1.828442960977554321e-01,5.093949288129806519e-02,1.478149145841598511e-01,6.929436326026916504e-02,7.123798131942749023e-02,8.869240991771221161e-03,3.587587922811508179e-02,-7.477282732725143433e-02,-4.842231422662734985e-02,4.176777973771095276e-02,-1.846165210008621216e-02,1.028702557086944580e-01,-9.033574722707271576e-03
-1.528538912534713745e-01,2.190350592136383057e-01,8.191572874784469604e-02,5.846955999732017517e-02,-5.105073377490043640e-02,-1.098171714693307877e-02,-4.362752288579940796e-02,-7.649981975555419922e-02,1.423456221818923950e-01,3.114253096282482147e-02,2.234689742326736450e-01,1.121066510677337646e-03,-2.242491245269775391e-01,-2.779962681233882904e-02,-5.314059555530548096e-02,6.588313728570938110e-02,-1.617186963558197021e-01,-7.243259251117706299e-02,-1.069147437810897827e-01,-4.543875902891159058e-02,1.315182149410247803e-01,4.313433170318603516e-02,8.013698458671569824e-02,4.113285802304744720e-03,-2.217863500118255615e-01,-3.204411864280700684e-01,-5.464620888233184814e-02,-1.408562064170837402e-01,1.239356957376003265e-02,-1.274541020393371582e-01,2.283824980258941650e-02,-4.864479228854179382e-02,-1.921815127134323120e-01,-9.706518054008483887e-02,2.348064072430133820e-02,2.968940883874893188e-03,-9.212287515401840210e-02,7.103214040398597717e-03,1.645846664905548096e-01,-5.148135870695114136e-02,-1.641286611557006836e-01,9.443970024585723877e-02,8.692387491464614868e-02,2.957780361175537109e-01,1.784238219261169434e-01,1.299139559268951416e-01,-1.051767915487289429e-02,-1.264051198959350586e-01,4.999265447258949280e-02,-1.951315850019454956e-01,1.130639165639877319e-01,1.805644333362579346e-01,6.076520681381225586e-02,9.745211899280548096e-02,1.083415895700454712e-01,-1.642240881919860840e-01,6.138799712061882019e-03,6.839296221733093262e-02,-1.880870163440704346e-01,7.609464228153228760e-02,9.711262583732604980e-02,9.624321013689041138e-03,2.429840341210365295e-02,-4.040948674082756042e-02,1.357994973659515381e-01,6.585218012332916260e-03,-1.407399922609329224e-01,-2.964770235121250153e-02,3.553627058863639832e-02,-1.266684681177139282e-01,5.676472187042236328e-02,1.045119315385818481e-01,-9.490504860877990723e-02,-2.777732908725738525e-01,-2.587389647960662842e-01,1.152044087648391724e-01,4.855145215988159180e-01,1.446029245853424072e-01,-1.175010502338409424e-01,-1.680617406964302063e-02,-5.987935140728950500e-02,-6.610473245382308960e-02,8.109756745398044586e-03,4.452240467071533203e-02,-1.459295153617858887e-01,-2.149734832346439362e-02,-6.093144416809082031e-02,1.158587411046028137e-01,1.265257894992828369e-01,6.257152184844017029e-03,-1.478779688477516174e-02,2.497044205665588379e-01,2.218103408813476562e-02,-4.864593222737312317e-02,1.750699803233146667e-02,6.882485747337341309e-02,-1.749773919582366943e-01,3.401601221412420273e-03,-1.085074320435523987e-01,2.295983023941516876e-03,-1.367814838886260986e-02,-1.110172569751739502e-01,2.500175032764673233e-03,6.452217698097229004e-02,-1.501903384923934937e-01,1.008312702178955078e-01,4.612650349736213684e-02,-4.787337034940719604e-02,-4.218117892742156982e-02,5.305968225002288818e-02,-1.589561551809310913e-01,-7.863755524158477783e-02,1.324261426925659180e-01,-2.612563073635101318e-01,1.986683905124664307e-01,1.758502721786499023e-01,7.019453495740890503e-02,1.556157171726226807e-01,8.863212168216705322e-02,6.254340708255767822e-02,1.127181015908718109e-02,6.442017853260040283e-02,-8.948396146297454834e-02,-4.144588112831115723e-02,6.916047632694244385e-02,-2.509006485342979431e-02,9.939312189817428589e-02,3.492563962936401367e-03
-1.455786824226379395e-01,2.286510914564132690e-01,6.899961829185485840e-02,6.154357269406318665e-02,-5.760353803634643555e-02,-9.791288524866104126e-03,-4.897299781441688538e-02,-8.114111423492431641e-02,1.470018327236175537e-01,2.072222530841827393e-02,2.331358641386032104e-01,1.965891942381858826e-02,-2.424721419811248779e-01,-3.945464268326759338e-03,-7.427903264760971069e-02,6.988137960433959961e-02,-1.640143692493438721e-01,-7.709116488695144653e-02,-1.201734915375709534e-01,-1.648609712719917297e-02,1.352172344923019409e-01,3.605518862605094910e-02,7.714241743087768555e-02,1.105599850416183472e-02,-2.086798697710037231e-01,-3.233081996440887451e-01,-5.885963141918182373e-02,-1.358866095542907715e-01,1.484560221433639526e-02,-1.308600306510925293e-01,1.899308711290359497e-02,-5.259770900011062622e-02,-1.916506290435791016e-01,-1.013397872447967529e-01,1.737146079540252686e-02,-1.063323952257633209e-02,-8.573333919048309326e-02,-8.535571396350860596e-05,1.814027577638626099e-01,-3.021256253123283386e-02,-1.679390966892242432e-01,9.302237629890441895e-02,7.720755785703659058e-02,3.058712184429168701e-01,1.730857938528060913e-01,1.164074391126632690e-01,7.065199315547943115e-03,-1.216947138309478760e-01,4.830777645111083984e-02,-2.053346633911132812e-01,1.197398900985717773e-01,1.742206811904907227e-01,8.796269446611404419e-02,1.049684435129165649e-01,1.101724877953529358e-01,-1.716175526380538940e-01,7.171517238020896912e-03,8.069197088479995728e-02,-1.923455744981765747e-01,8.517892658710479736e-02,1.109281778335571289e-01,1.473659928888082504e-02,3.063263557851314545e-02,-3.991784527897834778e-02,1.442928463220596313e-01,1.276394166052341461e-02,-1.428585052490234375e-01,-2.464065700769424438e-02,5.026736855506896973e-02,-1.207652837038040161e-01,5.413125827908515930e-02,8.563704043626785278e-02,-9.684724360704421997e-02,-2.755613625049591064e-01,-2.580825090408325195e-01,1.197219192981719971e-01,4.882764220237731934e-01,1.690455079078674316e-01,-1.227720230817794800e-01,-2.007051184773445129e-02,-6.928385049104690552e-02,-6.757885217666625977e-02,-3.339324146509170532e-03,3.336119651794433594e-02,-1.441486179828643799e-01,-2.085270173847675323e-02,-6.597960740327835083e-02,1.116154491901397705e-01,1.249821633100509644e-01,1.884568482637405396e-02,-1.902553625404834747e-02,2.515479326248168945e-01,2.547314763069152832e-02,-6.274150311946868896e-02,2.995308861136436462e-02,6.860001385211944580e-02,-1.843993365764617920e-01,-1.192535925656557083e-02,-1.146686300635337830e-01,9.645896032452583313e-03,-4.235145449638366699e-02,-1.123970970511436462e-01,5.211448296904563904e-04,6.391156464815139771e-02,-1.304944008588790894e-01,9.111358225345611572e-02,3.576477244496345520e-02,-4.914014041423797607e-02,-4.743562638759613037e-02,7.111370563507080078e-02,-1.728156805038452148e-01,-9.343451261520385742e-02,1.249702945351600647e-01,-2.519874870777130127e-01,2.001546621322631836e-01,1.608398705720901489e-01,7.058748602867126465e-02,1.485591232776641846e-01,9.117307513952255249e-02,7.193113863468170166e-02,1.137988921254873276e-02,7.073970139026641846e-02,-8.610597997903823853e-02,-6.123721972107887268e-02,7.393144071102142334e-02,-1.886931434273719788e-02,1.074004918336868286e-01,3.212271723896265030e-03
-1.052669957280158997e-01,1.433283835649490356e-01,1.615013182163238525e-02,-3.109658509492874146e-02,-5.258706212043762207e-02,-5.351481959223747253e-03,-4.016674309968948364e-02,-6.641867011785507202e-02,1.592826843261718750e-01,-3.241664171218872070e-02,2.357851862907409668e-01,4.705578088760375977e-02,-2.140057235956192017e-01,-9.081707149744033813e-02,-6.484536081552505493e-02,1.024858057498931885e-01,-1.625450998544692993e-01,-4.616467282176017761e-02,-1.345620453357696533e-01,-4.688869416713714600e-02,8.955045044422149658e-02,2.722482383251190186e-02,1.062287688255310059e-01,4.838826600462198257e-03,-1.984105110168457031e-01,-3.181476891040802002e-01,-1.068503111600875854e-01,-1.091174483299255371e-01,1.723093539476394653e-02,-1.788484901189804077e-01,4.157531261444091797e-02,-2.117919735610485077e-02,-2.239949703216552734e-01,-7.691124081611633301e-02,1.022435724735260010e-02,3.783114999532699585e-02,-5.934016779065132141e-03,4.636399075388908386e-02,1.365423649549484253e-01,4.424821585416793823e-02,-1.556265801191329956e-01,4.571615159511566162e-02,7.021395862102508545e-02,2.695173025131225586e-01,1.611412763595581055e-01,8.714883029460906982e-02,1.634588092565536499e-02,-6.494724005460739136e-02,2.972646057605743408e-02,-2.480530291795730591e-01,1.222729831933975220e-01,1.127463132143020630e-01,8.121733367443084717e-02,5.173581093549728394e-02,1.377396732568740845e-01,-1.421756446361541748e-01,-1.408620830625295639e-02,9.509290754795074463e-02,-1.617632508277893066e-01,8.744820952415466309e-02,9.541574120521545410e-02,4.015688225626945496e-02,-5.505255982279777527e-02,5.858191754668951035e-03,1.248176544904708862e-01,7.714282721281051636e-02,-1.440837979316711426e-01,-8.386765420436859131e-02,8.441384881734848022e-02,-1.385577023029327393e-01,7.444320619106292725e-02,9.019877761602401733e-02,-7.897502183914184570e-02,-2.465396523475646973e-01,-2.727150619029998779e-01,1.055663898587226868e-01,4.371937215328216553e-01,1.951637119054794312e-01,-1.419925689697265625e-01,-2.319107204675674438e-02,-1.057529300451278687e-01,1.947687938809394836e-03,3.951196745038032532e-02,-1.536056026816368103e-02,-9.819518029689788818e-02,5.442446097731590271e-02,-5.982346087694168091e-02,1.326990723609924316e-01,8.422499150037765503e-02,-8.111556991934776306e-03,-1.995809376239776611e-02,2.520657479763031006e-01,-3.249382600188255310e-03,5.522332154214382172e-03,1.023047603666782379e-02,4.572687298059463501e-02,-1.234118491411209106e-01,-1.565779373049736023e-02,-1.284939348697662354e-01,3.719343617558479309e-02,-4.129121080040931702e-04,-8.806335926055908203e-02,1.512143202126026154e-02,4.421082884073257446e-02,-9.841611981391906738e-02,7.340829819440841675e-02,2.646541595458984375e-02,-8.628851920366287231e-02,-5.425355210900306702e-02,1.092899665236473083e-01,-1.873074918985366821e-01,-9.860242158174514771e-02,1.200927793979644775e-01,-2.779595851898193359e-01,2.206055223941802979e-01,2.211750447750091553e-01,-3.154325857758522034e-02,1.209311634302139282e-01,1.156530156731605530e-01,9.545035660266876221e-02,3.913971409201622009e-02,2.066932246088981628e-02,-2.381468378007411957e-02,-6.540230661630630493e-02,1.877254620194435120e-02,-4.986286908388137817e-02,5.293287336826324463e-02,-4.549462348222732544e-02
-9.713507443666458130e-02,2.176080048084259033e-01,4.689807817339897156e-02,-3.310399502515792847e-02,-5.581206455826759338e-02,5.191738158464431763e-02,-3.584320098161697388e-02,-4.400345683097839355e-02,1.897717416286468506e-01,-4.341024160385131836e-02,2.462721318006515503e-01,1.570175215601921082e-02,-2.570813894271850586e-01,-8.029212802648544312e-02,-4.799249768257141113e-02,1.430264413356781006e-01,-1.499784439802169800e-01,-5.241496860980987549e-02,-1.497274935245513916e-01,-4.415492713451385498e-02,1.255387812852859497e-01,3.995254263281822205e-02,7.167781889438629150e-02,2.118308562785387039e-03,-2.118542343378067017e-01,-2.972012758255004883e-01,-9.368791431188583374e-02,-7.824001461267471313e-02,1.683652214705944061e-02,-1.574509441852569580e-01,2.327619679272174835e-02,-7.317818701267242432e-02,-2.250600755214691162e-01,-9.409531950950622559e-02,-1.367839239537715912e-02,4.019680246710777283e-02,-7.661082595586776733e-02,-4.229428619146347046e-02,1.329855322837829590e-01,4.430313035845756531e-02,-1.335152834653854370e-01,7.232747972011566162e-02,5.332100391387939453e-02,2.594406604766845703e-01,1.617428064346313477e-01,6.575702875852584839e-02,3.529511019587516785e-02,-1.090036481618881226e-01,3.908731788396835327e-02,-2.385247796773910522e-01,1.067677140235900879e-01,1.421596407890319824e-01,9.637965261936187744e-02,1.184493154287338257e-01,1.129072234034538269e-01,-1.164949387311935425e-01,1.262740045785903931e-02,1.766207069158554077e-01,-1.812414973974227905e-01,7.007171213626861572e-02,1.205861419439315796e-01,4.736039042472839355e-02,-3.208548575639724731e-02,-3.927589952945709229e-02,1.229931712150573730e-01,7.842751592397689819e-02,-1.447920352220535278e-01,-8.110423386096954346e-02,6.733753532171249390e-02,-1.074773147702217102e-01,3.554511070251464844e-02,7.963464409112930298e-02,-9.837233275175094604e-02,-2.559418976306915283e-01,-2.879565060138702393e-01,1.442002952098846436e-01,4.350949525833129883e-01,2.346262484788894653e-01,-1.374091356992721558e-01,-6.718991696834564209e-02,-7.100166380405426025e-02,1.571740210056304932e-02,3.437655046582221985e-02,3.143504494801163673e-03,-1.214770078659057617e-01,-7.099300622940063477e-03,-4.293972626328468323e-02,1.394168585538864136e-01,1.083113551139831543e-01,-3.284089267253875732e-03,-1.853791996836662292e-02,2.686967253684997559e-01,4.217597842216491699e-02,-2.668149024248123169e-02,-1.815769262611865997e-02,2.355035394430160522e-02,-1.190233677625656128e-01,-7.011007051914930344e-03,-1.091580018401145935e-01,3.424428030848503113e-02,-1.616386882960796356e-02,-9.987486898899078369e-02,1.402053143829107285e-02,5.462946370244026184e-02,-1.059528440237045288e-01,9.700148552656173706e-02,3.604703769087791443e-02,-7.688779383897781372e-02,-4.599672183394432068e-02,8.077314496040344238e-02,-1.989237815141677856e-01,-6.413566321134567261e-02,1.410421133041381836e-01,-2.462887018918991089e-01,1.880672723054885864e-01,2.149227708578109741e-01,1.136569585651159286e-02,1.108955293893814087e-01,1.489892452955245972e-01,1.322865486145019531e-01,2.456240355968475342e-02,1.630723476409912109e-02,-5.304079502820968628e-02,-6.071290001273155212e-02,6.403698027133941650e-02,-2.377316355705261230e-02,9.758423268795013428e-02,-3.333179652690887451e-02
-1.061169952154159546e-01,1.927466392517089844e-01,6.987203657627105713e-02,-3.457075729966163635e-02,-5.242536962032318115e-02,3.668664023280143738e-02,-4.233127832412719727e-02,-3.844241052865982056e-02,1.769258528947830200e-01,-5.181928724050521851e-02,2.634372413158416748e-01,9.279473684728145599e-03,-2.491817325353622437e-01,-7.363308221101760864e-02,-2.603046596050262451e-02,1.571774631738662720e-01,-1.464870274066925049e-01,-4.850797355175018311e-02,-1.274045556783676147e-01,-2.928198687732219696e-02,1.159078925848007202e-01,2.489637956023216248e-02,7.240530848503112793e-02,1.235113479197025299e-02,-2.093107104301452637e-01,-2.789164781570434570e-01,-1.048748344182968140e-01,-8.143963664770126343e-02,-4.068424925208091736e-03,-1.414171904325485229e-01,2.212141826748847961e-02,-7.300443202257156372e-02,-2.083171904087066650e-01,-9.217290580272674561e-02,-2.993871457874774933e-03,2.594318985939025879e-02,-9.191640466451644897e-02,-4.634702950716018677e-02,1.488970220088958740e-01,3.173104301095008850e-02,-1.358071863651275635e-01,6.560605019330978394e-02,5.623230710625648499e-02,2.461540251970291138e-01,1.441188752651214600e-01,7.180128246545791626e-02,4.999348148703575134e-02,-1.150773763656616211e-01,3.941073641180992126e-02,-2.219712287187576294e-01,1.085992604494094849e-01,1.325518786907196045e-01,1.260874271392822266e-01,1.094820499420166016e-01,1.174628362059593201e-01,-1.088156253099441528e-01,2.479043602943420410e-02,1.833187937736511230e-01,-1.659648716449737549e-01,8.167985826730728149e-02,1.268453150987625122e-01,4.546703398227691650e-02,-1.328777708113193512e-02,-4.270159825682640076e-02,1.413615494966506958e-01,6.157263368368148804e-02,-1.498455107212066650e-01,-7.461326569318771362e-02,7.743019610643386841e-02,-6.710442900657653809e-02,2.122951298952102661e-02,9.875398874282836914e-02,-1.114412695169448853e-01,-2.652450799942016602e-01,-2.779206931591033936e-01,1.345317810773849487e-01,4.259477257728576660e-01,2.099007815122604370e-01,-1.429613381624221802e-01,-7.139592617750167847e-02,-7.517922669649124146e-02,1.089574396610260010e-02,1.737846806645393372e-02,1.142271980643272400e-02,-1.142162829637527466e-01,-3.487896919250488281e-02,-3.836837410926818848e-02,1.174002885818481445e-01,1.180239245295524597e-01,-1.645660959184169769e-02,-7.751684635877609253e-03,2.502194344997406006e-01,4.847591370344161987e-02,-3.693177551031112671e-02,-3.171584382653236389e-02,1.419460400938987732e-02,-1.068409308791160583e-01,3.989098593592643738e-03,-9.242893010377883911e-02,3.206702321767807007e-02,-2.292311005294322968e-02,-9.934149682521820068e-02,1.296828314661979675e-02,5.547223612666130066e-02,-1.255873292684555054e-01,9.256645292043685913e-02,3.420145437121391296e-02,-7.859899103641510010e-02,-4.204890131950378418e-02,1.027763709425926208e-01,-2.039731591939926147e-01,-6.692603975534439087e-02,1.263251304626464844e-01,-2.576309442520141602e-01,1.760315597057342529e-01,2.093203365802764893e-01,1.744699478149414062e-02,9.823296964168548584e-02,1.343182027339935303e-01,1.443302482366561890e-01,1.757415384054183960e-02,1.953213661909103394e-02,-5.887883529067039490e-02,-6.027476489543914795e-02,7.993100583553314209e-02,-1.483720075339078903e-02,1.042694300413131714e-01,-2.296008169651031494e-02
-1.286262124776840210e-01,1.819426566362380981e-01,5.453560501337051392e-02,-6.380345672369003296e-03,-7.360834628343582153e-02,2.475181221961975098e-02,-4.459019750356674194e-02,-2.109658718109130859e-02,2.001140862703323364e-01,-3.103781677782535553e-02,2.404505014419555664e-01,4.774662479758262634e-02,-2.623704075813293457e-01,-6.897614151239395142e-02,-6.005280464887619019e-02,1.468545198440551758e-01,-1.377299129962921143e-01,-3.637730330228805542e-02,-1.163051500916481018e-01,-4.422909021377563477e-02,1.242111921310424805e-01,5.422174558043479919e-02,8.158992975950241089e-02,2.173442579805850983e-02,-2.190849184989929199e-01,-2.956759631633758545e-01,-1.035831272602081299e-01,-1.037249490618705750e-01,-2.771835587918758392e-02,-1.726924180984497070e-01,3.277744725346565247e-02,-5.306688696146011353e-02,-2.133709341287612915e-01,-9.585424512624740601e-02,1.111952960491180420e-02,4.507688432931900024e-02,-7.892976701259613037e-02,-9.268104098737239838e-03,1.432069540023803711e-01,4.389397427439689636e-02,-1.175350546836853027e-01,8.912908285856246948e-02,5.812370032072067261e-02,2.763000428676605225e-01,1.433461606502532959e-01,9.404154121875762939e-02,5.110552906990051270e-02,-1.059745475649833679e-01,5.936340987682342529e-02,-2.207941710948944092e-01,9.017783403396606445e-02,1.375704258680343628e-01,9.849596768617630005e-02,8.444284647703170776e-02,1.430865079164505005e-01,-1.287644505500793457e-01,1.382581889629364014e-02,1.708382517099380493e-01,-1.672825515270233154e-01,9.349938482046127319e-02,9.847392886877059937e-02,3.176223486661911011e-02,-2.163330093026161194e-02,-1.887316443026065826e-02,1.475076526403427124e-01,3.934068977832794189e-02,-1.473115533590316772e-01,-6.658942252397537231e-02,7.576011121273040771e-02,-9.943584352731704712e-02,4.641414061188697815e-02,1.039699167013168335e-01,-9.775490313768386841e-02,-2.612208127975463867e-01,-2.523186504840850830e-01,1.346976310014724731e-01,4.650749862194061279e-01,1.946113109588623047e-01,-1.382757276296615601e-01,-2.315434627234935760e-02,-8.453630656003952026e-02,-6.181702483445405960e-03,-1.479482394643127918e-03,1.255104504525661469e-02,-1.095182597637176514e-01,-1.192400604486465454e-02,-6.468986719846725464e-02,1.191755086183547974e-01,1.184975132346153259e-01,1.162329688668251038e-03,2.273795939981937408e-02,2.619678378105163574e-01,4.847185686230659485e-02,-2.718323841691017151e-02,-1.066071819514036179e-02,-3.598232753574848175e-03,-1.542367935180664062e-01,-1.733637414872646332e-02,-7.851974666118621826e-02,3.346369601786136627e-03,-2.953166142106056213e-02,-1.197294890880584717e-01,1.444462686777114868e-02,2.231499552726745605e-02,-1.271726489067077637e-01,9.061124175786972046e-02,1.828503608703613281e-02,-7.839482277631759644e-02,-6.482395529747009277e-02,1.057071462273597717e-01,-2.015522718429565430e-01,-5.204956978559494019e-02,1.284668892621994019e-01,-2.804276645183563232e-01,2.084640413522720337e-01,1.838522255420684814e-01,-1.208544056862592697e-02,1.270434260368347168e-01,1.157531961798667908e-01,1.421629041433334351e-01,2.058691345155239105e-03,3.561120480298995972e-02,-3.289899230003356934e-02,-7.575608044862747192e-02,6.113713234663009644e-02,-3.555798530578613281e-02,1.157341748476028442e-01,-4.149142652750015259e-02
