-1.529802829027175903e-01,1.382373124361038208e-01,8.346097171306610107e-02,-7.024983316659927368e-02,-8.842675015330314636e-03,-1.259593758732080460e-02,-4.558587446808815002e-03,-2.280820533633232117e-02,1.974765509366989136e-01,9.693024680018424988e-03,2.178850471973419189e-01,-3.418768569827079773e-02,-2.042276263236999512e-01,-5.230617523193359375e-02,3.260090574622154236e-02,9.208846837282180786e-02,-2.618449330329895020e-01,-9.642566740512847900e-02,-3.242614492774009705e-02,-1.050254181027412415e-01,5.165979638695716858e-02,5.398195236921310425e-02,4.739431664347648621e-02,-7.432197220623493195e-03,-1.308141946792602539e-01,-3.997449874877929688e-01,-9.077581763267517090e-02,-1.350093334913253784e-01,7.571916282176971436e-02,-1.181774735450744629e-01,3.735990822315216064e-02,-1.058885082602500916e-02,-2.128100991249084473e-01,-9.012566879391670227e-03,-2.780533954501152039e-02,3.538138419389724731e-02,1.167230680584907532e-02,-6.944339722394943237e-02,1.604194641113281250e-01,5.956976115703582764e-02,-1.511327177286148071e-01,5.235669203102588654e-03,-3.250595182180404663e-04,3.393954336643218994e-01,1.338518708944320679e-01,4.264948517084121704e-02,-4.555913060903549194e-02,1.024022977799177170e-02,5.999674275517463684e-02,-2.184127867221832275e-01,1.002383157610893250e-01,1.539077907800674438e-01,6.381410360336303711e-02,9.249037131667137146e-03,3.075902350246906281e-02,-1.491234898567199707e-01,-1.150218863040208817e-02,2.269122190773487091e-02,-2.184701710939407349e-01,1.183869875967502594e-02,9.693074226379394531e-02,-5.745136737823486328e-02,-4.404316097497940063e-02,-6.429411470890045166e-02,2.181378304958343506e-01,1.061089932918548584e-01,-1.532467752695083618e-01,-8.299332112073898315e-02,2.352916449308395386e-02,-7.545614987611770630e-02,4.381848871707916260e-02,1.586107723414897919e-02,-1.212493106722831726e-01,-1.550395786762237549e-01,-2.698152661323547363e-01,1.281267255544662476e-01,4.229236543178558350e-01,3.563949838280677795e-02,-1.759965270757675171e-01,-1.039543189108371735e-03,-1.527177989482879639e-01,-2.810727804899215698e-02,3.625534102320671082e-02,9.213873744010925293e-02,-1.330134421586990356e-01,7.623657584190368652e-02,-1.273540854454040527e-01,6.393785774707794189e-02,1.066204756498336792e-01,-2.597983740270137787e-02,-5.400006100535392761e-02,1.952400505542755127e-01,-4.228892177343368530e-02,1.661131158471107483e-02,9.031421504914760590e-04,3.860564529895782471e-02,-1.231047287583351135e-01,-3.105635382235050201e-02,-9.825117141008377075e-02,-1.541546080261468887e-02,2.768209949135780334e-02,-1.037210822105407715e-01,-8.785717189311981201e-02,1.020534560084342957e-01,-2.350137680768966675e-01,1.489162147045135498e-01,1.066672950983047485e-01,-1.017991155385971069e-01,-1.689954847097396851e-02,8.327810093760490417e-03,-8.463128656148910522e-02,-8.908975124359130859e-02,1.259205490350723267e-01,-2.897104918956756592e-01,1.360339522361755371e-01,2.167255282402038574e-01,5.516234040260314941e-02,2.353720217943191528e-01,3.141384571790695190e-02,5.730645731091499329e-02,-5.836240202188491821e-02,4.201656207442283630e-02,-1.108063831925392151e-01,-3.210275620222091675e-02,2.590915188193321228e-02,5.713569745421409607e-02,2.249198220670223236e-02,2.581236883997917175e-02
-1.548180729150772095e-01,1.374742388725280762e-01,1.014192104339599609e-01,-6.387738138437271118e-02,-4.811931401491165161e-03,-1.049088966101408005e-02,1.008821092545986176e-02,-9.644063189625740051e-03,1.872544884681701660e-01,9.998161345720291138e-03,2.352109253406524658e-01,-4.911534488201141357e-02,-2.102290689945220947e-01,-5.835818126797676086e-02,3.788525611162185669e-02,9.851923584938049316e-02,-2.518800795078277588e-01,-8.694747835397720337e-02,-3.223129734396934509e-02,-9.553367644548416138e-02,5.939027667045593262e-02,4.275614768266677856e-02,3.502582386136054993e-02,-9.414192289113998413e-03,-1.137291267514228821e-01,-4.013263881206512451e-01,-7.773885130882263184e-02,-1.398269236087799072e-01,7.032510638236999512e-02,-1.234459802508354187e-01,3.462582081556320190e-02,-1.464634481817483902e-02,-2.119400501251220703e-01,-7.521921768784523010e-03,-3.661701828241348267e-02,1.976488344371318817e-02,1.021107845008373260e-02,-7.315161824226379395e-02,1.613997519016265869e-01,3.976703062653541565e-02,-1.560314744710922241e-01,7.440761663019657135e-03,-6.938185542821884155e-04,3.293615281581878662e-01,1.364532560110092163e-01,3.739402815699577332e-02,-5.328818783164024353e-02,9.457986801862716675e-03,5.576091259717941284e-02,-2.253060638904571533e-01,8.496928215026855469e-02,1.536713838577270508e-01,5.745975300669670105e-02,1.232951693236827850e-02,2.424154430627822876e-02,-1.489962935447692871e-01,-1.600517705082893372e-02,1.104224845767021179e-02,-2.215201109647750854e-01,7.666266523301601410e-03,9.302672743797302246e-02,-5.767031013965606689e-02,-4.452066123485565186e-02,-7.195742428302764893e-02,2.126903682947158813e-01,9.779673069715499878e-02,-1.589223146438598633e-01,-8.471888303756713867e-02,2.305494993925094604e-02,-7.563418149948120117e-02,5.133678764104843140e-02,1.691995188593864441e-02,-1.296442449092864990e-01,-1.626365333795547485e-01,-2.695566415786743164e-01,1.402256190776824951e-01,4.113892316818237305e-01,4.017842933535575867e-02,-1.788402348756790161e-01,-9.235235862433910370e-03,-1.578015983104705811e-01,-2.528265491127967834e-02,3.546559065580368042e-02,9.424711018800735474e-02,-1.143880262970924377e-01,6.239480152726173401e-02,-1.219169199466705322e-01,6.752861291170120239e-02,9.616407006978988647e-02,-3.605444729328155518e-02,-4.747378453612327576e-02,1.980356425046920776e-01,-4.739493131637573242e-02,8.958104066550731659e-03,-1.939002238214015961e-02,3.907603025436401367e-02,-1.155001595616340637e-01,-2.174340933561325073e-02,-1.036614775657653809e-01,-4.935869015753269196e-03,2.448432147502899170e-02,-9.936177730560302734e-02,-8.185760676860809326e-02,1.111721619963645935e-01,-2.394873350858688354e-01,1.381322145462036133e-01,1.015187650918960571e-01,-9.894429892301559448e-02,-1.456524152308702469e-02,4.350519739091396332e-03,-8.256892859935760498e-02,-8.178893476724624634e-02,1.173287257552146912e-01,-2.808114588260650635e-01,1.420534402132034302e-01,2.205522358417510986e-01,6.725363433361053467e-02,2.224903702735900879e-01,3.216748684644699097e-02,4.946275800466537476e-02,-4.879128932952880859e-02,3.431314602494239807e-02,-1.229251623153686523e-01,-2.527162060141563416e-02,2.756607532501220703e-02,6.335799396038055420e-02,1.153804548084735870e-02,2.052152529358863831e-02
-1.135253086686134338e-01,1.258886605501174927e-01,1.028210967779159546e-01,-6.609881669282913208e-02,-2.318999357521533966e-02,-1.156067382544279099e-02,1.608273759484291077e-02,-6.520502734929323196e-03,2.068066149950027466e-01,3.344695642590522766e-02,2.251155823469161987e-01,-4.001539945602416992e-02,-1.687081605195999146e-01,-6.206808239221572876e-02,2.146977558732032776e-02,1.145090982317924500e-01,-2.552593946456909180e-01,-6.333664059638977051e-02,-3.767033666372299194e-02,-9.908735752105712891e-02,6.410254538059234619e-02,4.524804279208183289e-02,1.749197952449321747e-02,-2.308743307366967201e-03,-1.409813612699508667e-01,-3.847164511680603027e-01,-7.307010889053344727e-02,-1.207537129521369934e-01,7.493449747562408447e-02,-1.088835969567298889e-01,1.330924779176712036e-02,4.196550697088241577e-02,-2.067782878875732422e-01,-3.056448698043823242e-02,-2.791526168584823608e-02,9.837610647082328796e-03,3.060836344957351685e-02,-5.057974532246589661e-02,1.279742419719696045e-01,7.502245903015136719e-02,-1.444849520921707153e-01,5.778972804546356201e-02,1.197134982794523239e-02,3.399278819561004639e-01,1.742663830518722534e-01,2.534883096814155579e-02,-3.067780472338199615e-02,1.367318723350763321e-02,7.842655479907989502e-02,-2.147763967514038086e-01,6.898774206638336182e-02,1.333580166101455688e-01,6.657602638006210327e-02,8.024116046726703644e-03,3.951980546116828918e-02,-1.215100884437561035e-01,-4.109122604131698608e-02,1.907396316528320312e-02,-2.257695645093917847e-01,5.622238293290138245e-02,9.332448244094848633e-02,-8.321775496006011963e-02,-3.806170821189880371e-02,-8.952347934246063232e-02,1.690524965524673462e-01,7.580015063285827637e-02,-1.436836272478103638e-01,-9.622336179018020630e-02,2.320403233170509338e-03,-7.147036492824554443e-02,3.850780427455902100e-02,-5.126688629388809204e-04,-1.327927857637405396e-01,-1.508431583642959595e-01,-3.086564540863037109e-01,1.418341100215911865e-01,4.142889082431793213e-01,4.622687771916389465e-02,-1.921855211257934570e-01,8.008444681763648987e-03,-1.368605643510818481e-01,-3.826424106955528259e-02,4.744883254170417786e-02,9.614740312099456787e-02,-7.368455082178115845e-02,4.170627892017364502e-02,-1.131291016936302185e-01,7.378380745649337769e-02,1.104458644986152649e-01,-4.804993420839309692e-02,-3.331764042377471924e-02,2.181169837713241577e-01,-5.993788689374923706e-02,2.003212459385395050e-03,-5.805636942386627197e-02,4.080358147621154785e-02,-1.360534280538558960e-01,8.095314726233482361e-03,-9.237068891525268555e-02,-2.837783657014369965e-03,6.866211071610450745e-03,-9.168407320976257324e-02,-5.495261028409004211e-02,8.507998287677764893e-02,-2.311691641807556152e-01,1.299425065517425537e-01,9.330826252698898315e-02,-7.578466087579727173e-02,-2.344289794564247131e-02,-2.377231372520327568e-03,-1.019013300538063049e-01,-6.822921335697174072e-02,1.245399042963981628e-01,-2.722303867340087891e-01,1.451337337493896484e-01,2.188344746828079224e-01,6.771704554557800293e-02,1.971421092748641968e-01,2.620684169232845306e-02,3.255798295140266418e-02,-3.216645494103431702e-02,4.688503220677375793e-02,-7.335934042930603027e-02,-1.244215667247772217e-02,2.404292859137058258e-02,3.493335843086242676e-02,1.114420965313911438e-02,2.784554660320281982e-02
-1.719092130661010742e-01,1.438125222921371460e-01,7.877412438392639160e-02,-8.943361788988113403e-02,-1.075438596308231354e-02,-1.645349711179733276e-02,8.526358753442764282e-03,-4.323254153132438660e-02,1.940128654241561890e-01,-2.774799242615699768e-02,2.018380612134933472e-01,-7.872183620929718018e-02,-2.152777910232543945e-01,-9.988564997911453247e-02,2.263618633151054382e-02,1.193366721272468567e-01,-2.268090695142745972e-01,-1.179421246051788330e-01,-5.901068449020385742e-02,-1.097661107778549194e-01,3.292664885520935059e-02,4.596228897571563721e-02,4.902116954326629639e-02,-3.236101567745208740e-02,-1.153873950242996216e-01,-4.208388626575469971e-01,-7.739694416522979736e-02,-1.246009692549705505e-01,6.495685130357742310e-02,-1.219804137945175171e-01,1.101049873977899551e-02,-1.760392263531684875e-02,-2.104036360979080200e-01,-4.963926225900650024e-02,3.728049807250499725e-03,5.030139163136482239e-02,-2.616192586719989777e-02,-5.298553407192230225e-02,1.507071703672409058e-01,2.121062576770782471e-02,-1.423120051622390747e-01,7.042859215289354324e-03,6.849017739295959473e-02,3.302884399890899658e-01,1.303564906120300293e-01,6.791741400957107544e-02,-5.616226047277450562e-02,-1.208916585892438889e-02,6.347990781068801880e-02,-2.179916352033615112e-01,9.910590201616287231e-02,1.288587898015975952e-01,6.660623103380203247e-02,3.887621685862541199e-02,7.879187911748886108e-02,-1.440306007862091064e-01,2.316538989543914795e-02,1.948827505111694336e-02,-2.228816002607345581e-01,2.738275751471519470e-02,1.057542413473129272e-01,-3.744174540042877197e-02,-7.074996083974838257e-02,-3.268134966492652893e-02,2.259511947631835938e-01,9.209212660789489746e-02,-1.654216647148132324e-01,-7.180470228195190430e-02,2.103887498378753662e-02,-1.017287001013755798e-01,6.921311467885971069e-02,1.248447224497795105e-02,-1.093285605311393738e-01,-1.453982889652252197e-01,-2.940163910388946533e-01,9.989230334758758545e-02,4.099066257476806641e-01,4.767492786049842834e-02,-1.551923453807830811e-01,-3.391427546739578247e-02,-9.053204208612442017e-02,-1.964543387293815613e-02,5.441522970795631409e-02,1.002507284283638000e-01,-1.666435897350311279e-01,5.351174995303153992e-02,-8.831416070461273193e-02,6.385713070631027222e-02,9.055820852518081665e-02,4.345122724771499634e-04,-6.955007463693618774e-02,1.814207881689071655e-01,-2.272399328649044037e-02,1.539063919335603714e-02,-8.598319254815578461e-03,4.358791187405586243e-02,-1.174251139163970947e-01,-6.539673358201980591e-02,-1.015435904264450073e-01,9.852526709437370300e-04,3.042028471827507019e-02,-1.282218247652053833e-01,-9.124612063169479370e-02,1.229209452867507935e-01,-2.335464507341384888e-01,1.356927603483200073e-01,8.653470873832702637e-02,-8.976854383945465088e-02,-2.943003922700881958e-02,2.448817528784275055e-02,-6.526200473308563232e-02,-7.840923219919204712e-02,8.489636331796646118e-02,-2.844808995723724365e-01,1.339396983385086060e-01,2.554744780063629150e-01,5.812064185738563538e-02,2.015965282917022705e-01,2.872460149228572845e-02,1.277425512671470642e-02,-2.202532067894935608e-02,6.458846479654312134e-02,-9.694723039865493774e-02,-5.597671866416931152e-02,3.404427785426378250e-03,3.344748169183731079e-02,3.527495637536048889e-02,2.425901591777801514e-02
-1.616902947425842285e-01,1.455252617597579956e-01,7.266958057880401611e-02,-8.935058116912841797e-02,-9.225048124790191650e-03,3.606956917792558670e-03,-5.393158644437789917e-04,-3.849182277917861938e-02,1.896268278360366821e-01,-1.987178251147270203e-02,1.891090273857116699e-01,-7.017004489898681641e-02,-2.309962809085845947e-01,-9.261877089738845825e-02,2.363822981715202332e-02,1.263420581817626953e-01,-2.327733635902404785e-01,-1.219046264886856079e-01,-5.720008909702301025e-02,-1.117230504751205444e-01,1.996141858398914337e-02,5.205521360039710999e-02,4.213710129261016846e-02,-2.780064754188060760e-02,-1.112402379512786865e-01,-4.180160164833068848e-01,-6.704663485288619995e-02,-1.206645518541336060e-01,6.636638939380645752e-02,-1.230652555823326111e-01,1.162608526647090912e-02,-1.795464195311069489e-02,-2.089558839797973633e-01,-4.360662028193473816e-02,1.527534611523151398e-02,4.683225601911544800e-02,-3.994870558381080627e-02,-5.872875452041625977e-02,1.563303172588348389e-01,2.357526123523712158e-02,-1.431760936975479126e-01,6.594148464500904083e-03,8.306631445884704590e-02,3.361105918884277344e-01,1.400260031223297119e-01,7.083453238010406494e-02,-5.569191277027130127e-02,-1.858216710388660431e-02,7.107055932283401489e-02,-2.344884425401687622e-01,1.049082279205322266e-01,1.358970701694488525e-01,7.157719135284423828e-02,5.028834939002990723e-02,8.526853471994400024e-02,-1.486997455358505249e-01,2.337568998336791992e-02,2.522710897028446198e-02,-2.244525253772735596e-01,3.639156371355056763e-02,1.020931601524353027e-01,-3.445348888635635376e-02,-5.945026874542236328e-02,-3.850753605365753174e-02,2.221745401620864868e-01,9.367343783378601074e-02,-1.622741222381591797e-01,-8.150583505630493164e-02,1.305319741368293762e-02,-1.137714684009552002e-01,5.013997852802276611e-02,1.733007654547691345e-02,-1.027205735445022583e-01,-1.477071493864059448e-01,-3.126916885375976562e-01,9.002808481454849243e-02,3.921617865562438965e-01,6.450995057821273804e-02,-1.522329151630401611e-01,-3.289719671010971069e-02,-6.937836110591888428e-02,-2.183479070663452148e-02,6.236627325415611267e-02,1.026343554258346558e-01,-1.731239706277847290e-01,3.926668316125869751e-02,-7.660448551177978516e-02,5.844242498278617859e-02,1.053391695022583008e-01,6.489865481853485107e-03,-7.874962687492370605e-02,1.715326011180877686e-01,-2.253562211990356445e-02,5.701926536858081818e-03,-9.427764452993869781e-03,5.375938117504119873e-02,-1.160665899515151978e-01,-7.193950563669204712e-02,-1.138147413730621338e-01,-9.355607442557811737e-03,2.290257066488265991e-02,-1.180893182754516602e-01,-7.945246994495391846e-02,1.306400448083877563e-01,-2.402952313423156738e-01,1.386836469173431396e-01,8.165276050567626953e-02,-9.557793289422988892e-02,-2.747150883078575134e-02,2.644436620175838470e-02,-7.167927920818328857e-02,-6.570558249950408936e-02,9.130369871854782104e-02,-2.888379693031311035e-01,1.475918292999267578e-01,2.559039592742919922e-01,6.024385988712310791e-02,1.907258927822113037e-01,2.941157668828964233e-02,8.926386944949626923e-03,-2.871165610849857330e-02,5.915933847427368164e-02,-9.136024862527847290e-02,-6.733443588018417358e-02,6.654758937656879425e-03,3.614505007863044739e-02,4.565227404236793518e-02,2.099130675196647644e-02
-1.744321137666702271e-01,1.421983689069747925e-01,1.038289591670036316e-01,-6.773732602596282959e-02,-1.062892097979784012e-02,-5.034848116338253021e-03,3.194953501224517822e-02,-2.371064946055412292e-02,2.023970633745193481e-01,-1.325434446334838867e-02,2.141169309616088867e-01,-7.132695615291595459e-02,-2.085543274879455566e-01,-6.403896212577819824e-02,2.065278962254524231e-02,1.109954342246055603e-01,-2.143685072660446167e-01,-1.282784640789031982e-01,-4.890242218971252441e-02,-1.167783364653587341e-01,4.250729829072952271e-02,4.280323162674903870e-02,1.315883360803127289e-02,-2.285204641520977020e-02,-1.176227629184722900e-01,-4.090018868446350098e-01,-6.296503543853759766e-02,-1.468549519777297974e-01,5.390203744173049927e-02,-1.397052705287933350e-01,2.975612878799438477e-02,-5.609358660876750946e-03,-2.151671200990676880e-01,-1.885209046304225922e-02,-3.049969486892223358e-02,2.783102728426456451e-02,1.638921350240707397e-02,-4.923811554908752441e-02,1.487149447202682495e-01,2.904871106147766113e-02,-1.529579758644104004e-01,-3.360752947628498077e-03,7.467597723007202148e-02,3.147203624248504639e-01,1.248428076505661011e-01,4.085393249988555908e-02,-5.769473686814308167e-02,1.902988180518150330e-03,6.221782788634300232e-02,-2.185656428337097168e-01,9.421820938587188721e-02,1.216503828763961792e-01,6.473000347614288330e-02,5.537980049848556519e-02,3.888620436191558838e-02,-1.449984610080718994e-01,-4.951146431267261505e-03,6.342200562357902527e-03,-2.229285389184951782e-01,4.998252168297767639e-02,1.053877025842666626e-01,-6.629334390163421631e-02,-8.219862729310989380e-02,-3.054612502455711365e-02,2.407608777284622192e-01,1.030106842517852783e-01,-1.520167738199234009e-01,-7.977647334337234497e-02,3.451971337199211121e-02,-9.806752949953079224e-02,3.008906170725822449e-02,7.316965609788894653e-03,-1.182237491011619568e-01,-1.286086291074752808e-01,-2.963854968547821045e-01,1.339335441589355469e-01,4.280451834201812744e-01,3.906977549195289612e-02,-1.644206196069717407e-01,-8.368263021111488342e-03,-1.339139044284820557e-01,-1.804308220744132996e-02,3.391854092478752136e-02,1.069956421852111816e-01,-1.361217200756072998e-01,5.585100129246711731e-02,-9.435256570577621460e-02,6.790988892316818237e-02,1.138333827257156372e-01,1.111203804612159729e-02,-7.022004574537277222e-02,1.733012795448303223e-01,-3.787664696574211121e-02,2.278258837759494781e-02,-2.343450114130973816e-02,4.661246016621589661e-02,-1.109421029686927795e-01,-7.501658797264099121e-02,-1.125304102897644043e-01,-2.862153202295303345e-02,4.590312018990516663e-04,-8.636677265167236328e-02,-9.744102507829666138e-02,1.193201839923858643e-01,-2.415762543678283691e-01,1.367856562137603760e-01,9.835953265428543091e-02,-9.682456403970718384e-02,-3.221230581402778625e-02,3.971411287784576416e-02,-4.467183724045753479e-02,-7.029192149639129639e-02,8.505766838788986206e-02,-2.673130035400390625e-01,1.451249122619628906e-01,2.191354781389236450e-01,8.460243791341781616e-02,2.095647007226943970e-01,2.764712646603584290e-02,2.167613059282302856e-02,-1.818686351180076599e-02,4.741478338837623596e-02,-1.034514755010604858e-01,-3.827146440744400024e-02,2.278125658631324768e-02,4.674426093697547913e-02,2.870664373040199280e-02,4.026842117309570312e-02
-2.016254067420959473e-01,1.490206420421600342e-01,1.186190918087959290e-01,-5.130811780691146851e-02,-2.544697187840938568e-02,-3.044361714273691177e-03,1.701643131673336029e-02,1.382621098309755325e-02,2.037378996610641479e-01,1.436234638094902039e-02,2.322307527065277100e-01,-6.759784370660781860e-02,-2.141716331243515015e-01,-4.623693227767944336e-02,4.190818220376968384e-02,1.017968803644180298e-01,-2.290511876344680786e-01,-8.740778267383575439e-02,-4.012276977300643921e-02,-1.212398037314414978e-01,3.780256584286689758e-02,7.987203449010848999e-02,6.460177712142467499e-03,-6.008601747453212738e-03,-1.209722906351089478e-01,-3.713195919990539551e-01,-3.828783333301544189e-02,-1.641543060541152954e-01,7.882548868656158447e-02,-1.249858736991882324e-01,8.160972036421298981e-03,-1.918729022145271301e-02,-1.946142464876174927e-01,-3.814771771430969238e-02,3.318347036838531494e-03,5.770622566342353821e-02,3.762809559702873230e-02,-4.988454282283782959e-02,1.529398709535598755e-01,-3.517610952258110046e-03,-1.360273510217666626e-01,-1.941625028848648071e-02,8.046944439411163330e-02,3.079590201377868652e-01,1.071248203516006470e-01,4.999589547514915466e-02,-6.722896546125411987e-02,3.563294187188148499e-03,7.410340756177902222e-02,-1.945105493068695068e-01,9.571709483861923218e-02,1.212681829929351807e-01,7.689920067787170410e-02,3.328280895948410034e-02,3.968223184347152710e-02,-2.008569091558456421e-01,-1.106995437294244766e-02,1.774997636675834656e-02,-2.154302597045898438e-01,4.881932213902473450e-02,1.095882803201675415e-01,-7.104621082544326782e-02,-7.408702373504638672e-02,-3.496978431940078735e-02,2.389196902513504028e-01,7.482675462961196899e-02,-1.438417136669158936e-01,-9.670625627040863037e-02,3.962241858243942261e-02,-8.186982572078704834e-02,5.557353049516677856e-02,4.541650786995887756e-02,-1.150005683302879333e-01,-1.230174899101257324e-01,-2.559507489204406738e-01,1.309833824634552002e-01,4.180363416671752930e-01,1.223629899322986603e-02,-1.761771887540817261e-01,3.648106940090656281e-03,-1.275080889463424683e-01,-3.798868507146835327e-02,2.200358733534812927e-02,9.982696175575256348e-02,-1.224512532353401184e-01,5.189149454236030579e-02,-1.109794974327087402e-01,5.065600201487541199e-02,1.169122755527496338e-01,5.747307091951370239e-03,-1.636656001210212708e-02,1.724990755319595337e-01,-2.178968675434589386e-02,-3.927798941731452942e-03,-6.037105806171894073e-03,2.173120528459548950e-02,-1.177473962306976318e-01,-6.928110867738723755e-02,-9.425577521324157715e-02,-2.431326545774936676e-02,1.357212197035551071e-02,-1.343092471361160278e-01,-8.922154456377029419e-02,9.268294274806976318e-02,-2.751591205596923828e-01,1.093163490295410156e-01,1.024716570973396301e-01,-9.807505458593368530e-02,-2.139147743582725525e-02,2.416907250881195068e-02,-4.925340414047241211e-02,-6.823181360960006714e-02,1.408978253602981567e-01,-2.777063846588134766e-01,1.478282809257507324e-01,1.953489333391189575e-01,8.450903743505477905e-02,2.355702668428421021e-01,1.620598882436752319e-02,5.954419448971748352e-02,-1.764114201068878174e-02,5.633318796753883362e-02,-9.880819171667098999e-02,-4.218741133809089661e-02,9.271860122680664062e-03,1.012026984244585037e-02,3.087094426155090332e-02,4.811017587780952454e-02
-1.915656477212905884e-01,1.482087075710296631e-01,1.198134943842887878e-01,-4.433779790997505188e-02,-2.627325989305973053e-02,-1.968423090875148773e-02,1.962734945118427277e-02,1.720771938562393188e-02,1.881666332483291626e-01,2.064559608697891235e-02,2.276519834995269775e-01,-8.587219566106796265e-02,-2.258978784084320068e-01,-3.806165233254432678e-02,4.687309637665748596e-02,1.023557111620903015e-01,-2.299228757619857788e-01,-8.546467125415802002e-02,-4.406991600990295410e-02,-1.270670890808105469e-01,2.636458352208137512e-02,7.719734311103820801e-02,1.041954010725021362e-02,2.872420009225606918e-03,-1.015214845538139343e-01,-3.589845895767211914e-01,-4.478020966053009033e-02,-1.625474393367767334e-01,8.602066338062286377e-02,-1.196601986885070801e-01,4.205566830933094025e-03,-2.048336155712604523e-02,-1.849891394376754761e-01,-4.719891399145126343e-02,6.311254575848579407e-03,3.352683782577514648e-02,4.674084112048149109e-02,-5.505927652120590210e-02,1.522297561168670654e-01,-3.718666732311248779e-03,-1.311085820198059082e-01,-2.453583478927612305e-02,8.193126320838928223e-02,3.163931369781494141e-01,1.037424653768539429e-01,5.622244998812675476e-02,-6.957367807626724243e-02,1.374200358986854553e-02,6.381526589393615723e-02,-1.992963403463363647e-01,9.000349789857864380e-02,1.235693693161010742e-01,9.272349625825881958e-02,2.871704846620559692e-02,3.474961966276168823e-02,-2.030078321695327759e-01,-8.943982422351837158e-03,2.831396274268627167e-02,-2.148218005895614624e-01,5.855196714401245117e-02,1.153107807040214539e-01,-6.681928783655166626e-02,-6.182852759957313538e-02,-4.022295027971267700e-02,2.534674704074859619e-01,7.131259143352508545e-02,-1.491618007421493530e-01,-8.692345023155212402e-02,4.057698324322700500e-02,-7.780981063842773438e-02,5.335404351353645325e-02,4.171338304877281189e-02,-1.188355758786201477e-01,-1.194340512156486511e-01,-2.533792853355407715e-01,1.311924010515213013e-01,4.154334962368011475e-01,1.753183826804161072e-02,-1.751174926757812500e-01,-1.440407708287239075e-03,-1.363056004047393799e-01,-2.764772810041904449e-02,1.246943138539791107e-02,9.590954333543777466e-02,-1.348969489336013794e-01,4.342032968997955322e-02,-1.136426329612731934e-01,4.051060602068901062e-02,1.084148585796356201e-01,1.986697316169738770e-04,-2.019488438963890076e-02,1.684207022190093994e-01,-2.256698720157146454e-02,-7.540962658822536469e-03,-9.244821034371852875e-03,1.514902990311384201e-02,-1.132357716560363770e-01,-7.521364092826843262e-02,-9.172865748405456543e-02,-1.771195605397224426e-02,5.561856087297201157e-03,-1.454527080059051514e-01,-8.746381103992462158e-02,9.378775209188461304e-02,-2.757229208946228027e-01,9.936594218015670776e-02,1.025847643613815308e-01,-1.017163246870040894e-01,-2.769767679274082184e-02,3.782725334167480469e-02,-4.204343259334564209e-02,-6.901650875806808472e-02,1.400004476308822632e-01,-2.809013128280639648e-01,1.430125087499618530e-01,2.031325548887252808e-01,8.974460512399673462e-02,2.305165678262710571e-01,2.767328172922134399e-03,6.360655277967453003e-02,-1.974711939692497253e-02,5.413544923067092896e-02,-8.558379113674163818e-02,-4.965133965015411377e-02,1.396579016000032425e-02,8.418696932494640350e-03,2.953583747148513794e-02,5.436124652624130249e-02
-1.960932165384292603e-01,1.556688547134399414e-01,1.274469196796417236e-01,-4.533874243497848511e-02,-2.655570581555366516e-02,-5.897852592170238495e-03,1.610440760850906372e-02,1.346159912645816803e-02,1.889904737472534180e-01,2.798087894916534424e-02,2.281466126441955566e-01,-8.465455472469329834e-02,-2.254380732774734497e-01,-4.921906813979148865e-02,5.475141480565071106e-02,1.131365895271301270e-01,-2.311937361955642700e-01,-8.502565324306488037e-02,-4.561962932348251343e-02,-1.258607357740402222e-01,2.776313200592994690e-02,7.804730534553527832e-02,7.624632213264703751e-03,5.519588012248277664e-03,-1.130810454487800598e-01,-3.675832748413085938e-01,-3.688641637563705444e-02,-1.656067967414855957e-01,8.362343907356262207e-02,-1.145793348550796509e-01,-6.641810759902000427e-04,-2.676481008529663086e-02,-1.973024904727935791e-01,-4.590792953968048096e-02,5.821250379085540771e-04,3.645282983779907227e-02,4.580628126859664917e-02,-5.684516578912734985e-02,1.353019177913665771e-01,-9.270953014492988586e-03,-1.321686804294586182e-01,-2.308140322566032410e-02,8.071275800466537476e-02,3.022165894508361816e-01,1.063493192195892334e-01,5.469436943531036377e-02,-5.977207422256469727e-02,1.210580952465534210e-02,5.489534512162208557e-02,-1.963875144720077515e-01,9.097279608249664307e-02,1.209287047386169434e-01,8.285842090845108032e-02,3.075805306434631348e-02,2.639370970427989960e-02,-1.997422128915786743e-01,-1.341232005506753922e-02,2.216294966638088226e-02,-2.179275006055831909e-01,5.310682579874992371e-02,1.220575422048568726e-01,-6.253951787948608398e-02,-7.123329490423202515e-02,-3.498678654432296753e-02,2.496832758188247681e-01,8.221846818923950195e-02,-1.453040838241577148e-01,-9.852936118841171265e-02,3.414455056190490723e-02,-7.824171334505081177e-02,5.287184938788414001e-02,3.233481943607330322e-02,-1.214042156934738159e-01,-1.159057021141052246e-01,-2.667346000671386719e-01,1.373025923967361450e-01,4.143439531326293945e-01,1.611742377281188965e-02,-1.857194751501083374e-01,-8.139114826917648315e-03,-1.387886852025985718e-01,-1.513786893337965012e-02,2.039125934243202209e-02,9.156945347785949707e-02,-1.262222826480865479e-01,3.780940175056457520e-02,-1.152932941913604736e-01,4.742853343486785889e-02,1.057492345571517944e-01,-2.704888582229614258e-03,-1.511257141828536987e-02,1.681465655565261841e-01,-1.706969179213047028e-02,-1.723769679665565491e-02,-1.363815553486347198e-02,2.394272200763225555e-02,-1.156079471111297607e-01,-6.896778196096420288e-02,-8.838115632534027100e-02,-1.865332201123237610e-02,1.188046857714653015e-02,-1.222611591219902039e-01,-7.908419519662857056e-02,9.907929599285125732e-02,-2.685997188091278076e-01,1.052928268909454346e-01,1.040744185447692871e-01,-1.021790653467178345e-01,-1.864405535161495209e-02,3.889970481395721436e-02,-4.690643027424812317e-02,-8.115541934967041016e-02,1.362840682268142700e-01,-2.667446732521057129e-01,1.423389315605163574e-01,2.011567354202270508e-01,8.448020368814468384e-02,2.270505875349044800e-01,5.751712247729301453e-03,7.426561415195465088e-02,-2.261202782392501831e-02,6.174831464886665344e-02,-8.514543622732162476e-02,-4.600881412625312805e-02,1.905182749032974243e-02,7.505496032536029816e-03,2.862712368369102478e-02,5.268847942352294922e-02
-1.589999347925186157e-01,1.340878009796142578e-01,1.038872376084327698e-01,-5.264468118548393250e-02,7.289358414709568024e-03,-1.365241222083568573e-02,7.403582334518432617e-03,6.595478393137454987e-03,1.886927187442779541e-01,1.139851659536361694e-02,2.316007316112518311e-01,-6.315173208713531494e-02,-2.112885266542434692e-01,-7.333798706531524658e-02,4.769129306077957153e-02,9.346513450145721436e-02,-2.400395423173904419e-01,-9.268470853567123413e-02,-4.382634162902832031e-02,-8.731656521558761597e-02,7.246548682451248169e-02,5.004470422863960266e-02,1.829655654728412628e-02,-1.322168577462434769e-02,-1.192099004983901978e-01,-4.094099402427673340e-01,-5.139857530593872070e-02,-1.514151543378829956e-01,9.373214840888977051e-02,-1.237284392118453979e-01,2.216127887368202209e-02,-1.747676171362400055e-02,-2.182890027761459351e-01,-1.466081663966178894e-02,-2.304405160248279572e-02,2.641743235290050507e-02,2.213641768321394920e-03,-7.999102771282196045e-02,1.547373086214065552e-01,2.884080633521080017e-02,-1.519049555063247681e-01,-1.601359248161315918e-02,2.681145444512367249e-02,3.049942851066589355e-01,1.146349310874938965e-01,4.263510927557945251e-02,-5.278767645359039307e-02,1.734515652060508728e-03,6.853207945823669434e-02,-2.440977394580841064e-01,7.759276032447814941e-02,1.631966531276702881e-01,5.806004628539085388e-02,4.253255948424339294e-02,4.926079884171485901e-02,-1.712804734706878662e-01,1.197454892098903656e-02,-2.375712618231773376e-03,-2.539717257022857666e-01,3.245500475168228149e-02,7.528889179229736328e-02,-3.858064115047454834e-02,-6.478142738342285156e-02,-5.888653174042701721e-02,2.021131068468093872e-01,9.512785077095031738e-02,-1.486942917108535767e-01,-9.026546776294708252e-02,1.137046236544847488e-02,-9.599047899246215820e-02,6.198470294475555420e-02,4.027179628610610962e-02,-1.151035502552986145e-01,-1.685498058795928955e-01,-2.722582221031188965e-01,1.090119630098342896e-01,3.904390037059783936e-01,4.670086130499839783e-02,-1.720681786537170410e-01,3.448780626058578491e-03,-1.397301852703094482e-01,-4.775685817003250122e-02,3.334051370620727539e-02,7.990255206823348999e-02,-1.218339353799819946e-01,6.973911076784133911e-02,-1.124410852789878845e-01,6.994973123073577881e-02,9.973971545696258545e-02,-2.148964256048202515e-02,-2.835750766098499298e-02,1.956153064966201782e-01,-4.201258346438407898e-02,-5.283188074827194214e-04,-2.461781725287437439e-02,3.437874093651771545e-02,-1.197752282023429871e-01,-5.115883424878120422e-02,-9.445253014564514160e-02,-2.259686216711997986e-02,3.125168383121490479e-02,-1.083093211054801941e-01,-8.909431099891662598e-02,9.135182201862335205e-02,-2.588993012905120850e-01,1.327202022075653076e-01,1.059314757585525513e-01,-1.027407199144363403e-01,-1.313817687332630157e-02,-9.385269135236740112e-03,-8.222866803407669067e-02,-6.380745768547058105e-02,1.135056093335151672e-01,-2.754505276679992676e-01,1.590776592493057251e-01,2.196027487516403198e-01,8.610662072896957397e-02,2.162716537714004517e-01,2.296146750450134277e-02,2.422472462058067322e-02,-4.560904204845428467e-02,2.537316828966140747e-02,-1.122825071215629578e-01,-3.802302479743957520e-02,8.784130215644836426e-03,4.657853394746780396e-02,-6.043204106390476227e-03,6.970926187932491302e-03
-1.532943546772003174e-01,1.299959570169448853e-01,1.115793958306312561e-01,-5.868381261825561523e-02,-1.247157901525497437e-02,4.484244156628847122e-03,3.122754395008087158e-03,-4.734243731945753098e-03,1.853210479021072388e-01,5.247214809060096741e-03,2.303742319345474243e-01,-5.243092402815818787e-02,-2.174385935068130493e-01,-6.681900471448898315e-02,3.836242482066154480e-02,9.758970141410827637e-02,-2.245240211486816406e-01,-8.867219835519790649e-02,-2.681017667055130005e-02,-9.882050007581710815e-02,6.587991863489151001e-02,5.295633897185325623e-02,3.855779021978378296e-02,-2.731385268270969391e-02,-1.194334328174591064e-01,-4.091498851776123047e-01,-6.227447837591171265e-02,-1.513404697179794312e-01,6.752008944749832153e-02,-1.223466396331787109e-01,3.109696134924888611e-02,-1.620838046073913574e-02,-2.052613049745559692e-01,-8.425984531641006470e-03,-1.469183713197708130e-02,3.679087013006210327e-02,-1.102596148848533630e-02,-7.193996757268905640e-02,1.524212360382080078e-01,3.073218092322349548e-02,-1.520101726055145264e-01,-1.063921954482793808e-02,1.995778083801269531e-02,3.071566820144653320e-01,1.129830777645111084e-01,4.492081329226493835e-02,-4.622801765799522400e-02,-1.248427573591470718e-02,6.069152429699897766e-02,-2.230033874511718750e-01,8.810425549745559692e-02,1.568522602319717407e-01,3.800960630178451538e-02,3.272558003664016724e-02,4.773152992129325867e-02,-1.605314016342163086e-01,7.390549406409263611e-03,-1.111945137381553650e-03,-2.412637174129486084e-01,1.729717850685119629e-02,8.421964198350906372e-02,-4.060125350952148438e-02,-6.139402836561203003e-02,-6.371913105249404907e-02,2.007655948400497437e-01,1.019157022237777710e-01,-1.482008844614028931e-01,-9.871376305818557739e-02,1.534963026642799377e-02,-9.177673608064651489e-02,4.960775002837181091e-02,3.670278191566467285e-02,-1.297658830881118774e-01,-1.627412140369415283e-01,-2.707065343856811523e-01,1.079285666346549988e-01,4.013218283653259277e-01,4.057206213474273682e-02,-1.665966957807540894e-01,-1.466363295912742615e-02,-1.324595063924789429e-01,-3.642962500452995300e-02,3.567847982048988342e-02,9.271243214607238770e-02,-1.161101460456848145e-01,7.508812099695205688e-02,-1.054127886891365051e-01,6.681606173515319824e-02,9.173091500997543335e-02,-3.522568196058273315e-02,-4.644945636391639709e-02,1.891310513019561768e-01,-4.232080280780792236e-02,8.409127593040466309e-03,-1.160130091011524200e-02,4.642836749553680420e-02,-1.241936832666397095e-01,-4.212666675448417664e-02,-1.126219034194946289e-01,-3.416078537702560425e-02,2.163632400333881378e-02,-1.075072959065437317e-01,-8.089321106672286987e-02,1.000639498233795166e-01,-2.538543343544006348e-01,1.408566832542419434e-01,9.449661523103713989e-02,-1.072869598865509033e-01,-2.456573769450187683e-02,-1.054920442402362823e-02,-8.103252202272415161e-02,-6.091796979308128357e-02,1.213753074407577515e-01,-2.733540236949920654e-01,1.518338471651077271e-01,2.237289845943450928e-01,8.287159353494644165e-02,2.196684926748275757e-01,3.493226319551467896e-02,2.987121418118476868e-02,-5.187286809086799622e-02,2.414230071008205414e-02,-1.150301173329353333e-01,-3.352920711040496826e-02,1.270559616386890411e-03,5.802778527140617371e-02,2.647997811436653137e-03,9.096154943108558655e-03
-1.414310038089752197e-01,1.329530328512191772e-01,1.163166314363479614e-01,-5.665634945034980774e-02,3.487171838060021400e-03,-5.499777384102344513e-03,-3.592832013964653015e-03,-1.105004455894231796e-02,1.889380812644958496e-01,-3.538650460541248322e-03,2.279512435197830200e-01,-5.591223016381263733e-02,-2.054013758897781372e-01,-6.786485016345977783e-02,4.332361742854118347e-02,9.500049799680709839e-02,-2.284339964389801025e-01,-1.014806404709815979e-01,-2.640341967344284058e-02,-8.416389673948287964e-02,6.840963661670684814e-02,4.209573566913604736e-02,2.181786671280860901e-02,-2.892988361418247223e-02,-1.416835486888885498e-01,-4.053387641906738281e-01,-7.089976221323013306e-02,-1.504860520362854004e-01,6.582986563444137573e-02,-1.201666146516799927e-01,2.303614094853401184e-02,-1.507310010492801666e-02,-2.077079415321350098e-01,-8.029906079173088074e-03,-1.794609427452087402e-02,3.827589750289916992e-02,-3.723921254277229309e-04,-5.695626884698867798e-02,1.533718258142471313e-01,3.257525712251663208e-02,-1.595620661973953247e-01,-1.516827382147312164e-02,1.674440316855907440e-02,3.098312616348266602e-01,1.130807399749755859e-01,4.515919834375381470e-02,-4.244059696793556213e-02,2.222703769803047180e-03,6.449611485004425049e-02,-2.307466566562652588e-01,9.880041331052780151e-02,1.541672796010971069e-01,5.156151577830314636e-02,4.788045957684516907e-02,4.678541794419288635e-02,-1.551118493080139160e-01,8.091096766293048859e-03,4.548106342554092407e-03,-2.458854019641876221e-01,3.186481073498725891e-02,9.360112249851226807e-02,-5.271591991186141968e-02,-5.818847566843032837e-02,-4.731130227446556091e-02,2.081395536661148071e-01,9.936869144439697266e-02,-1.551832705736160278e-01,-8.618754148483276367e-02,1.585732400417327881e-02,-9.248386323451995850e-02,5.240281298756599426e-02,2.375316247344017029e-02,-1.202601268887519836e-01,-1.584582328796386719e-01,-2.897193729877471924e-01,1.052256003022193909e-01,3.988760113716125488e-01,3.574648499488830566e-02,-1.815825104713439941e-01,-1.208646222949028015e-02,-1.336268335580825806e-01,-3.647893294692039490e-02,4.083014652132987976e-02,8.580072969198226929e-02,-1.147573217749595642e-01,8.638452738523483276e-02,-1.087279021739959717e-01,6.660524010658264160e-02,1.045392304658889771e-01,-2.990509942173957825e-02,-3.527513146400451660e-02,1.890633404254913330e-01,-4.827265441417694092e-02,6.520300172269344330e-03,-1.103105209767818451e-02,5.354014039039611816e-02,-1.197393685579299927e-01,-5.756416171789169312e-02,-1.039413288235664368e-01,-2.043148875236511230e-02,2.027999609708786011e-02,-1.036014631390571594e-01,-9.310410916805267334e-02,1.042781695723533630e-01,-2.537907063961029053e-01,1.527210175991058350e-01,9.964884817600250244e-02,-1.038506180047988892e-01,-2.820249833166599274e-02,-3.073543542996048927e-03,-8.471043407917022705e-02,-7.539957016706466675e-02,1.210054457187652588e-01,-2.729189693927764893e-01,1.416849046945571899e-01,2.194987684488296509e-01,7.207722961902618408e-02,2.149748355150222778e-01,2.567106857895851135e-02,2.836065366864204407e-02,-5.577258765697479248e-02,2.447272837162017822e-02,-1.146824285387992859e-01,-3.991266712546348572e-02,4.129204899072647095e-03,5.496197193861007690e-02,4.038655199110507965e-03,1.359701901674270630e-02
-1.607057899236679077e-01,1.299229115247726440e-01,1.159145832061767578e-01,-7.427604496479034424e-02,1.179329305887222290e-02,-1.583587378263473511e-02,1.482617482542991638e-02,5.471663549542427063e-03,1.907215416431427002e-01,-6.655694916844367981e-03,2.379327565431594849e-01,-5.350310355424880981e-02,-2.136985212564468384e-01,-6.485027819871902466e-02,4.124617949128150940e-02,8.303666859865188599e-02,-2.277936041355133057e-01,-9.530458599328994751e-02,-4.341684281826019287e-02,-9.445890784263610840e-02,6.707335263490676880e-02,3.554392233490943909e-02,2.188728377223014832e-02,-3.578054532408714294e-02,-1.377177834510803223e-01,-3.939028084278106689e-01,-6.332422792911529541e-02,-1.469346135854721069e-01,8.295622467994689941e-02,-1.155334636569023132e-01,2.738881483674049377e-02,-2.594027854502201080e-02,-2.263335287570953369e-01,-1.218137145042419434e-02,-2.976988628506660461e-02,2.194437012076377869e-02,3.054348519071936607e-03,-6.408815085887908936e-02,1.606624573469161987e-01,2.388556115329265594e-02,-1.490860581398010254e-01,-2.126439288258552551e-02,3.565633296966552734e-02,2.971943318843841553e-01,1.116645783185958862e-01,4.205612465739250183e-02,-4.342864453792572021e-02,1.124894246459007263e-02,6.622011959552764893e-02,-2.488184422254562378e-01,8.728108555078506470e-02,1.503839939832687378e-01,6.407229602336883545e-02,4.357036575675010681e-02,5.780076235532760620e-02,-1.620621383190155029e-01,1.267747953534126282e-02,1.318593136966228485e-02,-2.362280935049057007e-01,4.665935784578323364e-02,7.975735515356063843e-02,-4.582277685403823853e-02,-7.185974717140197754e-02,-4.716322198510169983e-02,2.187023311853408813e-01,8.891442418098449707e-02,-1.647751927375793457e-01,-8.631257712841033936e-02,1.613691821694374084e-02,-8.836293220520019531e-02,6.596628576517105103e-02,4.071801155805587769e-02,-1.131769865751266479e-01,-1.623729616403579712e-01,-2.728522419929504395e-01,1.245529279112815857e-01,3.946858942508697510e-01,4.393763095140457153e-02,-1.640374958515167236e-01,1.583700440824031830e-02,-1.493973881006240845e-01,-4.427871108055114746e-02,3.140351176261901855e-02,8.228398114442825317e-02,-1.205599904060363770e-01,8.014649152755737305e-02,-1.055479571223258972e-01,6.616199761629104614e-02,1.093675196170806885e-01,-2.831269800662994385e-02,-3.126087039709091187e-02,1.905235946178436279e-01,-5.055923014879226685e-02,9.881287813186645508e-03,-3.425400331616401672e-02,3.483055531978607178e-02,-1.249035969376564026e-01,-5.939043313264846802e-02,-8.567208051681518555e-02,-7.534593343734741211e-03,3.024372830986976624e-02,-1.125839501619338989e-01,-9.941516816616058350e-02,9.443365037441253662e-02,-2.579473853111267090e-01,1.291104704141616821e-01,9.196653217077255249e-02,-1.043997704982757568e-01,-2.115113288164138794e-02,-5.790526513010263443e-03,-7.137247920036315918e-02,-7.269389182329177856e-02,9.864527732133865356e-02,-2.901704311370849609e-01,1.557306498289108276e-01,2.256110459566116333e-01,6.733715534210205078e-02,2.123778909444808960e-01,3.591328859329223633e-02,1.463488303124904633e-02,-2.317652851343154907e-02,4.652158915996551514e-02,-1.074854210019111633e-01,-4.642849415540695190e-02,6.640780717134475708e-03,3.854759782552719116e-02,1.549453474581241608e-03,8.295771665871143341e-03
-1.553176194429397583e-01,9.184189140796661377e-02,1.091100573539733887e-01,-4.466877132654190063e-02,-1.733561605215072632e-02,-1.926464214920997620e-02,1.199515163898468018e-02,-1.986903697252273560e-02,1.726397275924682617e-01,1.446521468460559845e-02,2.315212041139602661e-01,-1.674816384911537170e-02,-1.950821578502655029e-01,-7.197940349578857422e-02,1.779026538133621216e-02,7.307904213666915894e-02,-2.271737307310104370e-01,-6.600413471460342407e-02,-2.802692539989948273e-02,-1.409585326910018921e-01,2.541095763444900513e-02,3.017903678119182587e-02,4.647831618785858154e-02,-1.484726928174495697e-02,-1.380571722984313965e-01,-4.017547965049743652e-01,-9.639032185077667236e-02,-1.588183492422103882e-01,6.334203481674194336e-02,-9.414142370223999023e-02,4.085236415266990662e-02,1.806882023811340332e-02,-2.208356261253356934e-01,1.015969458967447281e-02,-5.051401630043983459e-02,6.778202950954437256e-03,2.486851625144481659e-02,-5.673555657267570496e-02,1.145959571003913879e-01,6.220130622386932373e-02,-1.127783805131912231e-01,-2.114714123308658600e-02,1.308659650385379791e-02,3.104065954685211182e-01,1.242496892809867859e-01,3.695112094283103943e-02,-1.560406014323234558e-02,4.401209205389022827e-02,2.332807704806327820e-02,-2.137360274791717529e-01,8.709509670734405518e-02,1.383851915597915649e-01,7.065065950155258179e-02,-7.110983133316040039e-03,2.704577147960662842e-02,-1.394207775592803955e-01,-1.247169822454452515e-02,-1.279447320848703384e-02,-2.104973047971725464e-01,5.961763113737106323e-02,8.657149225473403931e-02,-6.203307211399078369e-02,-9.442383050918579102e-02,-3.327212482690811157e-02,2.235200405120849609e-01,1.325858831405639648e-01,-1.367947757244110107e-01,-1.080892160534858704e-01,5.738550052046775818e-02,-1.012058705091476440e-01,4.907201230525970459e-02,2.124042436480522156e-02,-1.305291652679443359e-01,-1.602743864059448242e-01,-2.571909129619598389e-01,1.551444381475448608e-01,4.356713891029357910e-01,6.716351211071014404e-02,-1.490881890058517456e-01,6.072862073779106140e-03,-2.177542597055435181e-01,-1.279867626726627350e-02,1.858200877904891968e-02,5.066071823239326477e-02,-1.255360543727874756e-01,5.667380243539810181e-02,-1.379649043083190918e-01,6.657094508409500122e-02,1.076414212584495544e-01,-2.762812376022338867e-02,-6.227001175284385681e-02,1.976285874843597412e-01,-5.169165879487991333e-02,-1.005084998905658722e-02,-3.030081838369369507e-02,4.005777649581432343e-03,-1.176771968603134155e-01,-1.695198938250541687e-02,-7.496578991413116455e-02,-3.226514160633087158e-02,4.851536080241203308e-02,-1.210063993930816650e-01,-6.257250905036926270e-02,8.043242990970611572e-02,-2.507702112197875977e-01,1.202908456325531006e-01,8.960468322038650513e-02,-1.061721444129943848e-01,1.700098812580108643e-02,2.376784756779670715e-02,-1.241267025470733643e-01,-8.797321468591690063e-02,1.293638497591018677e-01,-2.907485067844390869e-01,1.586206257343292236e-01,2.200066298246383667e-01,9.887016564607620239e-02,2.267932146787643433e-01,4.588602110743522644e-02,5.509370565414428711e-02,-3.766075894236564636e-02,1.638849824666976929e-02,-7.567451149225234985e-02,-3.379219025373458862e-02,1.520777121186256409e-03,2.706215903162956238e-02,-1.110215485095977783e-02,3.011103905737400055e-02
-1.698956936597824097e-01,1.476122587919235229e-01,7.805077731609344482e-02,-7.998172193765640259e-02,4.883329384028911591e-04,-2.130730450153350830e-02,2.204430103302001953e-02,-4.968434572219848633e-02,1.942395865917205811e-01,-1.375908777117729187e-02,1.996356099843978882e-01,-8.312534540891647339e-02,-2.147777080535888672e-01,-9.074722975492477417e-02,3.018426522612571716e-02,1.107549443840980530e-01,-2.303114682435989380e-01,-1.357441544532775879e-01,-5.862968415021896362e-02,-1.148558035492897034e-01,3.896040841937065125e-02,3.051607497036457062e-02,4.165043681859970093e-02,-1.934490911662578583e-02,-1.223427802324295044e-01,-4.116578102111816406e-01,-7.464055716991424561e-02,-1.354337632656097412e-01,7.377448678016662598e-02,-1.175527274608612061e-01,2.167992666363716125e-02,-2.034742943942546844e-02,-2.136506885290145874e-01,-3.983855992555618286e-02,-5.620533600449562073e-03,4.454861953854560852e-02,-1.131401397287845612e-02,-6.111989542841911316e-02,1.543655991554260254e-01,2.410757355391979218e-02,-1.395388096570968628e-01,2.243779599666595459e-04,5.433361977338790894e-02,3.325683474540710449e-01,1.277747005224227905e-01,6.366101652383804321e-02,-4.037372022867202759e-02,-2.804528921842575073e-04,4.707186669111251831e-02,-2.080270797014236450e-01,9.822263568639755249e-02,1.429170072078704834e-01,6.941074877977371216e-02,3.988245874643325806e-02,6.233398988842964172e-02,-1.510597765445709229e-01,2.007510885596275330e-02,1.793638616800308228e-02,-2.112640738487243652e-01,2.792034298181533813e-02,1.113069653511047363e-01,-2.998225949704647064e-02,-6.495326012372970581e-02,-2.766847983002662659e-02,2.380566000938415527e-01,8.604015409946441650e-02,-1.645664274692535400e-01,-6.433255970478057861e-02,1.868509873747825623e-02,-1.011635959148406982e-01,5.826897174119949341e-02,-7.508229464292526245e-04,-1.212142109870910645e-01,-1.357504725456237793e-01,-2.844450473785400391e-01,1.065934151411056519e-01,4.190955162048339844e-01,3.613935038447380066e-02,-1.627634912729263306e-01,-2.157989889383316040e-02,-1.121119633316993713e-01,-1.008095219731330872e-02,4.787430167198181152e-02,1.018560603260993958e-01,-1.683009862899780273e-01,6.005422025918960571e-02,-9.915153682231903076e-02,5.423109978437423706e-02,9.515197575092315674e-02,6.151003763079643250e-03,-6.360958516597747803e-02,1.747482568025588989e-01,-2.809748612344264984e-02,-3.762385807931423187e-03,-7.774911820888519287e-03,3.293876349925994873e-02,-1.111909896135330200e-01,-6.277532875537872314e-02,-8.068017661571502686e-02,-1.007236354053020477e-02,2.438404783606529236e-02,-1.224506944417953491e-01,-9.659066051244735718e-02,1.236156672239303589e-01,-2.488772422075271606e-01,1.340686827898025513e-01,8.869146555662155151e-02,-8.433462679386138916e-02,-2.565229684114456177e-02,3.477100282907485962e-02,-5.661343410611152649e-02,-9.083511680364608765e-02,8.838365226984024048e-02,-2.825165390968322754e-01,1.208093389868736267e-01,2.610117495059967041e-01,5.606736987829208374e-02,1.988588720560073853e-01,1.944736391305923462e-02,2.873613871634006500e-02,-2.352078258991241455e-02,8.012122660875320435e-02,-1.001068428158760071e-01,-4.836582764983177185e-02,1.025359146296977997e-03,3.998645767569541931e-02,2.321841567754745483e-02,2.934925071895122528e-02
-1.084083095192909241e-01,1.040756627917289734e-01,1.122414469718933105e-01,-9.490682929754257202e-02,-9.874076582491397858e-03,2.537395432591438293e-02,-8.588060736656188965e-03,7.456832565367221832e-03,1.469317525625228882e-01,2.477299794554710388e-02,2.607628107070922852e-01,-4.387894272804260254e-02,-1.795848608016967773e-01,-7.664520293474197388e-02,-1.266765035688877106e-02,1.187343671917915344e-01,-2.655704021453857422e-01,-7.976906001567840576e-02,-7.449816167354583740e-02,-1.055581644177436829e-01,5.366634950041770935e-02,4.106740280985832214e-02,1.814583316445350647e-02,-7.891643792390823364e-03,-1.505790650844573975e-01,-3.950760662555694580e-01,-7.996262609958648682e-02,-1.038073375821113586e-01,6.575645506381988525e-02,-1.179862841963768005e-01,3.709439933300018311e-02,2.974618226289749146e-02,-2.152114510536193848e-01,3.959013149142265320e-03,-5.631423369050025940e-02,3.109835088253021240e-04,4.988066852092742920e-02,-6.374551355838775635e-02,1.320358514785766602e-01,8.737362921237945557e-02,-1.317035108804702759e-01,6.653187423944473267e-02,2.155116200447082520e-02,3.287212848663330078e-01,1.799384653568267822e-01,2.745512127876281738e-02,-2.369779162108898163e-02,6.279301643371582031e-02,1.284749712795019150e-02,-2.420694082975387573e-01,8.136250078678131104e-02,1.351922303438186646e-01,9.152724593877792358e-02,2.142107114195823669e-02,2.685983479022979736e-02,-9.051214158535003662e-02,-6.242402642965316772e-02,4.652235284447669983e-02,-1.823651045560836792e-01,5.697488412261009216e-02,3.960447385907173157e-02,-7.825545221567153931e-02,-1.724687218666076660e-02,-9.026665240526199341e-02,1.911472827196121216e-01,1.077240034937858582e-01,-1.531604677438735962e-01,-9.261044859886169434e-02,5.082862824201583862e-02,-5.889859050512313843e-02,-3.361758310347795486e-03,-1.875354349613189697e-02,-1.147125810384750366e-01,-1.155714392662048340e-01,-3.058209717273712158e-01,1.367213875055313110e-01,4.258264601230621338e-01,5.218159034848213196e-02,-2.318991124629974365e-01,2.659583464264869690e-03,-1.765396147966384888e-01,-4.087013751268386841e-02,3.188304975628852844e-02,6.251235306262969971e-02,-7.998856902122497559e-02,3.661491721868515015e-02,-1.077477112412452698e-01,5.187404155731201172e-02,1.408436596393585205e-01,-2.030086144804954529e-02,-6.538356840610504150e-02,2.243106514215469360e-01,-4.024967178702354431e-02,-9.025489911437034607e-03,-7.716793566942214966e-03,3.178754821419715881e-02,-8.165103197097778320e-02,-1.039904356002807617e-02,-8.788574486970901489e-02,1.428018789738416672e-02,-2.112800814211368561e-02,-1.046841368079185486e-01,-7.569794356822967529e-02,7.784938067197799683e-02,-2.033230662345886230e-01,1.374395489692687988e-01,1.088159456849098206e-01,-8.086840063333511353e-02,-2.402589656412601471e-03,6.629560142755508423e-02,-1.101443693041801453e-01,-8.728387951850891113e-02,1.420148313045501709e-01,-3.000648021697998047e-01,1.359067261219024658e-01,2.417787015438079834e-01,7.437660545110702515e-02,1.939491331577301025e-01,6.606199592351913452e-02,6.751216948032379150e-02,-2.751346863806247711e-02,4.001679643988609314e-02,-6.291016191244125366e-02,-5.361204221844673157e-02,1.550579816102981567e-02,3.248475492000579834e-02,1.939857378602027893e-02,6.920785456895828247e-02
-1.523712277412414551e-01,1.347318142652511597e-01,8.628478646278381348e-02,-7.991525530815124512e-02,-7.715092040598392487e-03,6.242596544325351715e-03,2.401426061987876892e-02,-2.964672446250915527e-02,2.093961983919143677e-01,-1.386043988168239594e-02,1.973994970321655273e-01,-6.553860753774642944e-02,-2.060738950967788696e-01,-6.982577592134475708e-02,5.873560905456542969e-03,1.036145687103271484e-01,-2.202843427658081055e-01,-1.341091841459274292e-01,-5.162217468023300171e-02,-1.183100193738937378e-01,5.668882280588150024e-02,5.195384472608566284e-02,2.387706562876701355e-02,-2.213262021541595459e-02,-1.488978713750839233e-01,-3.924769759178161621e-01,-7.642260193824768066e-02,-1.508425176143646240e-01,5.129221826791763306e-02,-1.356714218854904175e-01,3.393997624516487122e-02,-1.560794748365879059e-02,-2.159738242626190186e-01,-2.143355272710323334e-02,-1.880747452378273010e-02,5.701058357954025269e-02,2.262118039652705193e-03,-5.909833684563636780e-02,1.293045282363891602e-01,3.739608079195022583e-02,-1.494508236646652222e-01,2.909239381551742554e-03,5.696771293878555298e-02,3.265646696090698242e-01,1.129651442170143127e-01,5.311419814825057983e-02,-4.963707178831100464e-02,4.629164934158325195e-03,5.416415631771087646e-02,-2.116147279739379883e-01,1.066610962152481079e-01,1.292788237333297729e-01,4.597072675824165344e-02,4.106339812278747559e-02,6.472909450531005859e-02,-1.446445882320404053e-01,4.608422517776489258e-03,1.955761946737766266e-02,-2.152154743671417236e-01,4.852711036801338196e-02,1.041529029607772827e-01,-4.437898099422454834e-02,-6.786330044269561768e-02,-3.313606604933738708e-02,2.142998427152633667e-01,9.602087736129760742e-02,-1.569744050502777100e-01,-8.018153160810470581e-02,3.091579489409923553e-02,-1.097774058580398560e-01,3.840819001197814941e-02,9.391708299517631531e-03,-1.098609715700149536e-01,-1.337286531925201416e-01,-2.886295914649963379e-01,1.134811714291572571e-01,4.484529793262481689e-01,3.488131240010261536e-02,-1.646207869052886963e-01,-1.013459544628858566e-02,-1.133708432316780090e-01,-1.586410962045192719e-02,5.324263870716094971e-02,1.066598966717720032e-01,-1.319198906421661377e-01,8.170695602893829346e-02,-1.145097613334655762e-01,6.312377005815505981e-02,1.122951731085777283e-01,2.656382508575916290e-03,-6.518667936325073242e-02,1.778008937835693359e-01,-4.269006103277206421e-02,3.746347501873970032e-04,-3.112867474555969238e-03,4.899581149220466614e-02,-1.261128336191177368e-01,-5.828722193837165833e-02,-9.990677982568740845e-02,-2.039869688451290131e-02,1.385625917464494705e-02,-1.039639636874198914e-01,-1.137086525559425354e-01,1.103522777557373047e-01,-2.180446535348892212e-01,1.355580389499664307e-01,9.727862477302551270e-02,-1.001218259334564209e-01,-4.222866892814636230e-02,3.098667412996292114e-02,-7.582609355449676514e-02,-8.068571239709854126e-02,1.069100499153137207e-01,-2.762954235076904297e-01,1.213121712207794189e-01,2.276472300291061401e-01,6.086730211973190308e-02,2.061946690082550049e-01,3.726114705204963684e-02,3.446747362613677979e-02,-2.191994711756706238e-02,5.361361429095268250e-02,-1.115586236119270325e-01,-5.241011083126068115e-02,-1.087163574993610382e-03,4.030170291662216187e-02,2.247853577136993408e-02,2.884986065328121185e-02
-8.797951042652130127e-02,1.147051751613616943e-01,4.862811043858528137e-02,-7.368624955415725708e-02,3.743664175271987915e-02,2.803055942058563232e-02,2.136156708002090454e-02,1.976927928626537323e-02,1.940027922391891479e-01,-2.868399396538734436e-02,2.185855507850646973e-01,-5.011072382330894470e-02,-1.851660907268524170e-01,-9.233614802360534668e-02,-5.907358601689338684e-03,1.002558916807174683e-01,-2.601070702075958252e-01,-9.629242122173309326e-02,-1.154676824808120728e-01,-1.067776903510093689e-01,2.992340922355651855e-02,4.748087376356124878e-02,9.796543978154659271e-03,1.338974013924598694e-02,-1.302481889724731445e-01,-3.767192363739013672e-01,-5.733886361122131348e-02,-1.643522232770919800e-01,9.184214472770690918e-02,-1.571131795644760132e-01,4.260301589965820312e-03,-8.560763671994209290e-03,-2.178432196378707886e-01,-1.473791897296905518e-03,-9.242711961269378662e-02,-7.319005206227302551e-03,2.231746166944503784e-02,-6.668303161859512329e-02,1.332047432661056519e-01,5.464760959148406982e-02,-1.179265528917312622e-01,5.429048091173171997e-02,1.999391242861747742e-03,3.385026752948760986e-01,1.470070928335189819e-01,3.346183896064758301e-02,-3.425693511962890625e-02,4.023583978414535522e-02,6.309578567743301392e-02,-2.457373142242431641e-01,9.437097609043121338e-02,1.233187243342399597e-01,1.103393286466598511e-01,4.860202595591545105e-02,1.798254624009132385e-02,-1.346855312585830688e-01,-3.709348291158676147e-02,4.401930421590805054e-02,-1.901381462812423706e-01,7.282657921314239502e-02,3.788941353559494019e-02,-4.783917963504791260e-02,-6.432186067104339600e-02,-3.860640525817871094e-02,2.080830037593841553e-01,1.133482381701469421e-01,-1.409896314144134521e-01,-8.840686082839965820e-02,5.309154838323593140e-02,-1.105932742357254028e-01,4.131566360592842102e-02,-1.805451698601245880e-02,-7.954338192939758301e-02,-1.317475140094757080e-01,-2.368568181991577148e-01,1.398099958896636963e-01,3.899108469486236572e-01,7.353869080543518066e-02,-2.048649042844772339e-01,3.151042014360427856e-02,-1.892454028129577637e-01,-3.075075149536132812e-02,3.658413514494895935e-02,6.583385914564132690e-02,-1.178046539425849915e-01,4.395396262407302856e-02,-1.265099644660949707e-01,6.234764680266380310e-02,1.230299025774002075e-01,-2.763857319951057434e-02,-3.677922859787940979e-02,1.876157969236373901e-01,-3.285663574934005737e-02,-4.113264381885528564e-02,-1.360276155173778534e-02,-8.126815780997276306e-03,-1.256654262542724609e-01,-3.275785129517316818e-03,-6.400772929191589355e-02,1.147860102355480194e-02,3.305023908615112305e-02,-1.143598183989524841e-01,-1.091685891151428223e-01,4.568774253129959106e-02,-2.059289366006851196e-01,1.818910241127014160e-01,1.077849790453910828e-01,-8.423650264739990234e-02,4.529033601284027100e-02,5.254176259040832520e-02,-8.132952451705932617e-02,-9.067893028259277344e-02,1.401071548461914062e-01,-2.740550637245178223e-01,1.521042883396148682e-01,2.036375999450683594e-01,8.024241775274276733e-02,2.355625927448272705e-01,4.105366766452789307e-02,1.020406633615493774e-01,-2.893590182065963745e-02,5.393376201391220093e-02,-1.300802230834960938e-01,-6.089157238602638245e-02,4.100754857063293457e-02,4.730667918920516968e-02,1.000235043466091156e-02,4.065037146210670471e-02
-1.305195391178131104e-01,1.200327128171920776e-01,1.148168817162513733e-01,-8.057453483343124390e-02,-2.592873945832252502e-02,-4.158541560173034668e-03,1.261191349476575851e-02,9.876070544123649597e-03,1.549441963434219360e-01,7.589706219732761383e-03,2.892204523086547852e-01,-5.594664439558982849e-02,-2.143236249685287476e-01,-6.229291856288909912e-02,6.835986860096454620e-03,1.181997805833816528e-01,-1.965778023004531860e-01,-6.196288019418716431e-02,-4.539480060338973999e-02,-1.002373844385147095e-01,5.351613834500312805e-02,3.018773160874843597e-02,-3.081653267145156860e-05,5.382853094488382339e-03,-1.567330807447433472e-01,-3.774219155311584473e-01,-5.728239938616752625e-02,-1.285249590873718262e-01,1.713488623499870300e-02,-1.113683804869651794e-01,5.671876017004251480e-03,3.321396186947822571e-02,-1.961872279644012451e-01,-2.226120792329311371e-02,-1.507559418678283691e-02,1.135277003049850464e-02,-2.302707638591527939e-03,-4.242526739835739136e-02,1.244590878486633301e-01,5.070472508668899536e-02,-1.256976127624511719e-01,3.175404667854309082e-02,4.764888435602188110e-02,3.196002542972564697e-01,1.445323079824447632e-01,3.701521456241607666e-02,-8.596595376729965210e-03,1.976611651480197906e-02,6.524768471717834473e-02,-2.307132482528686523e-01,8.203387260437011719e-02,1.275307536125183105e-01,7.501800358295440674e-02,3.960636258125305176e-02,1.494345441460609436e-02,-1.339611113071441650e-01,-1.119825057685375214e-02,6.171050295233726501e-02,-2.233327329158782959e-01,6.169459596276283264e-02,8.573967963457107544e-02,-8.575522154569625854e-02,-4.917401820421218872e-02,-4.848929867148399353e-02,1.964360475540161133e-01,8.114840835332870483e-02,-1.702658683061599731e-01,-7.523065805435180664e-02,3.042116202414035797e-02,-7.250249385833740234e-02,4.788702726364135742e-02,-1.272079534828662872e-03,-1.500922739505767822e-01,-1.748675405979156494e-01,-2.852790355682373047e-01,1.787385046482086182e-01,4.042614698410034180e-01,7.073108851909637451e-02,-1.609222292900085449e-01,1.070464029908180237e-03,-1.356069594621658325e-01,-2.405514754354953766e-02,2.217153832316398621e-02,7.608865946531295776e-02,-8.394652605056762695e-02,5.955150350928306580e-03,-1.064791977405548096e-01,6.935767084360122681e-02,1.182516962289810181e-01,-3.220639377832412720e-02,-1.721236295998096466e-02,2.247529923915863037e-01,-4.812786728143692017e-02,-6.904480513185262680e-03,-3.770391270518302917e-02,4.392756149172782898e-02,-1.423681825399398804e-01,-1.860694587230682373e-02,-7.216241955757141113e-02,1.748472452163696289e-02,-3.416237235069274902e-02,-1.238056793808937073e-01,-6.220760196447372437e-02,8.641204237937927246e-02,-2.393063157796859741e-01,1.264069825410842896e-01,6.187715753912925720e-02,-6.969337165355682373e-02,-2.574330754578113556e-02,1.863903366029262543e-02,-7.623277604579925537e-02,-9.759255498647689819e-02,9.057306498289108276e-02,-2.564927339553833008e-01,1.295206397771835327e-01,2.205268442630767822e-01,1.219332963228225708e-01,2.020376026630401611e-01,6.040121614933013916e-02,2.024684660136699677e-02,1.968065276741981506e-03,3.405280411243438721e-02,-9.408544003963470459e-02,-2.385294064879417419e-02,3.156447038054466248e-02,2.301172353327274323e-02,1.097252499312162399e-02,2.294664457440376282e-02
-1.516392230987548828e-01,1.044854074716567993e-01,7.690715789794921875e-02,-7.103355228900909424e-02,2.445079386234283447e-02,-1.668892800807952881e-04,1.813072711229324341e-02,1.828945055603981018e-02,1.689896285533905029e-01,6.575941108167171478e-03,2.136869132518768311e-01,-6.462115794420242310e-02,-2.652740180492401123e-01,-6.447512656450271606e-02,1.290409732609987259e-02,9.507711231708526611e-02,-1.747234016656875610e-01,-9.097324311733245850e-02,-2.186602540314197540e-02,-1.025382801890373230e-01,8.443802595138549805e-02,6.007520481944084167e-02,1.839814707636833191e-02,1.237872894853353500e-02,-1.393139213323593140e-01,-3.348793685436248779e-01,-4.227013140916824341e-02,-1.278475522994995117e-01,1.589886099100112915e-02,-1.083862259984016418e-01,5.426759272813796997e-02,1.573332026600837708e-02,-1.936782896518707275e-01,2.337466925382614136e-03,-5.636088084429502487e-03,4.374784231185913086e-02,1.486113853752613068e-02,-2.571187727153301239e-02,1.561995744705200195e-01,3.100224584341049194e-02,-1.327408701181411743e-01,-5.898073315620422363e-02,3.556988388299942017e-02,3.206879198551177979e-01,1.109456568956375122e-01,3.695955127477645874e-02,-3.618934750556945801e-02,-1.006010081619024277e-02,5.953408777713775635e-02,-2.323748916387557983e-01,8.379721641540527344e-02,1.513128578662872314e-01,3.324948623776435852e-02,5.352596938610076904e-02,3.848593682050704956e-02,-1.726305484771728516e-01,3.050164319574832916e-03,5.872436985373497009e-02,-1.873135417699813843e-01,7.045903801918029785e-02,4.595985263586044312e-02,-4.078552126884460449e-02,-3.600599989295005798e-02,-5.321979150176048279e-02,1.874936223030090332e-01,2.767436951398849487e-02,-1.669924259185791016e-01,-9.844415634870529175e-02,4.126774892210960388e-02,-1.162148192524909973e-01,1.699269376695156097e-02,5.830310657620429993e-02,-1.299190521240234375e-01,-1.692944169044494629e-01,-3.110111653804779053e-01,1.047968938946723938e-01,3.544164001941680908e-01,5.041903257369995117e-02,-1.643109172582626343e-01,1.429930422455072403e-02,-9.692287445068359375e-02,-2.207808569073677063e-02,4.810843989253044128e-02,9.188053756952285767e-02,-1.041274368762969971e-01,7.122626900672912598e-02,-1.035036668181419373e-01,3.340067714452743530e-02,1.357037574052810669e-01,-1.142410840839147568e-02,-6.016821414232254028e-02,2.038766890764236450e-01,-4.169221222400665283e-02,4.474653862416744232e-03,1.847685780376195908e-03,5.836491286754608154e-02,-9.195086359977722168e-02,-5.329531058669090271e-02,-1.183231621980667114e-01,-1.109833270311355591e-02,-1.169038936495780945e-03,-1.398507803678512573e-01,-7.830706983804702759e-02,1.083775609731674194e-01,-2.453153133392333984e-01,1.280654370784759521e-01,8.005964756011962891e-02,-7.032632827758789062e-02,-4.824245348572731018e-02,3.813682124018669128e-02,-1.139219477772712708e-01,-6.939160823822021484e-02,1.327553838491439819e-01,-2.539269626140594482e-01,1.346170604228973389e-01,2.282102853059768677e-01,1.112423017621040344e-01,1.869552284479141235e-01,5.710296332836151123e-02,4.484335705637931824e-02,-2.310392260551452637e-02,3.705465048551559448e-02,-9.385065734386444092e-02,-3.741751611232757568e-02,1.401994377374649048e-02,4.586208239197731018e-02,7.574307732284069061e-03,2.325788326561450958e-02
-1.561764031648635864e-01,9.498837590217590332e-02,8.213666081428527832e-02,-6.409779936075210571e-02,2.664719149470329285e-02,-1.265076827257871628e-02,2.250284515321254730e-02,1.644452102482318878e-02,1.754664480686187744e-01,-1.475757919251918793e-03,2.013986408710479736e-01,-6.633929908275604248e-02,-2.536467313766479492e-01,-7.444986701011657715e-02,1.398124732077121735e-02,9.087965637445449829e-02,-1.768156886100769043e-01,-9.581375122070312500e-02,-1.966972835361957550e-02,-1.103196293115615845e-01,7.544212043285369873e-02,6.433704495429992676e-02,5.719527136534452438e-03,4.211358726024627686e-03,-1.378269791603088379e-01,-3.380683064460754395e-01,-4.131243377923965454e-02,-1.306997686624526978e-01,1.791166514158248901e-02,-9.212332963943481445e-02,4.461137950420379639e-02,2.071771025657653809e-02,-1.830387711524963379e-01,-4.284925758838653564e-03,-3.336355090141296387e-03,4.697292298078536987e-02,2.857883460819721222e-02,-7.984418421983718872e-03,1.518161594867706299e-01,2.913700416684150696e-02,-1.368013620376586914e-01,-7.535372674465179443e-02,4.298362508416175842e-02,3.216779530048370361e-01,9.776326268911361694e-02,3.456423059105873108e-02,-5.724140256643295288e-02,1.389396470040082932e-02,7.335595786571502686e-02,-2.448479533195495605e-01,7.532159984111785889e-02,1.385707557201385498e-01,3.830586001276969910e-02,4.106065630912780762e-02,6.688840687274932861e-02,-1.714210659265518188e-01,-3.852425143122673035e-04,4.723270237445831299e-02,-1.875090301036834717e-01,7.411788403987884521e-02,2.289835549890995026e-02,-6.197167187929153442e-02,-4.759448021650314331e-02,-4.770978912711143494e-02,1.804620176553726196e-01,3.020295873284339905e-02,-1.481154114007949829e-01,-8.960679918527603149e-02,5.699314922094345093e-02,-1.149569898843765259e-01,2.297168597579002380e-02,5.315695703029632568e-02,-1.022451296448707581e-01,-1.564338803291320801e-01,-3.118276000022888184e-01,9.158740192651748657e-02,3.591288328170776367e-01,4.727423936128616333e-02,-1.684049218893051147e-01,2.853745594620704651e-02,-8.812384307384490967e-02,-3.504119813442230225e-02,5.226553231477737427e-02,7.594744116067886353e-02,-1.149094998836517334e-01,1.016692221164703369e-01,-1.155738160014152527e-01,2.712422981858253479e-02,1.282340139150619507e-01,-9.915309026837348938e-03,-4.404032602906227112e-02,2.088709920644760132e-01,-4.812684655189514160e-02,2.064790576696395874e-02,1.663568988442420959e-02,4.728491604328155518e-02,-9.282487630844116211e-02,-6.291694939136505127e-02,-1.290708780288696289e-01,-2.180984243750572205e-02,3.901161625981330872e-02,-1.540965586900711060e-01,-7.127851247787475586e-02,9.975656121969223022e-02,-2.568417489528656006e-01,1.155318096280097961e-01,8.618321269750595093e-02,-6.960912048816680908e-02,-4.279699549078941345e-02,4.302376508712768555e-02,-1.073275282979011536e-01,-6.312613934278488159e-02,1.395300626754760742e-01,-2.456155121326446533e-01,1.250733435153961182e-01,2.181984633207321167e-01,9.101397544145584106e-02,1.934681534767150879e-01,4.976257681846618652e-02,1.863088645040988922e-02,-3.054266422986984253e-02,2.145950496196746826e-02,-8.493059873580932617e-02,-4.857771471142768860e-02,6.878036074340343475e-03,3.485027700662612915e-02,-4.413323476910591125e-03,3.500550240278244019e-02
-1.529074758291244507e-01,1.376697719097137451e-01,8.030138164758682251e-02,-5.901994183659553528e-02,5.068385507911443710e-05,5.716576706618070602e-03,2.165251970291137695e-02,-3.051028400659561157e-02,2.015284746885299683e-01,-1.212209183722734451e-02,2.370515614748001099e-01,-6.841663271188735962e-02,-2.014958113431930542e-01,-7.666382193565368652e-02,2.287654206156730652e-02,1.094180494546890259e-01,-2.355172336101531982e-01,-1.204878389835357666e-01,-5.262577533721923828e-02,-1.014160066843032837e-01,3.206349536776542664e-02,4.656126350164413452e-02,1.482948753982782364e-02,-1.153167337179183960e-02,-1.223443597555160522e-01,-4.018018245697021484e-01,-5.236300826072692871e-02,-1.539958119392395020e-01,5.893254280090332031e-02,-1.454760730266571045e-01,1.816920936107635498e-02,3.846243722364306450e-03,-2.018734961748123169e-01,-1.956860162317752838e-02,-1.287599932402372360e-02,3.477206826210021973e-02,1.532589085400104523e-02,-5.497027561068534851e-02,1.552987098693847656e-01,1.552721951156854630e-02,-1.483105421066284180e-01,-3.457115031778812408e-03,6.316391378641128540e-02,3.201163709163665771e-01,1.249894648790359497e-01,3.818661719560623169e-02,-6.045468896627426147e-02,-3.197196871042251587e-03,6.899865716695785522e-02,-2.290095239877700806e-01,9.174109995365142822e-02,1.260208487510681152e-01,4.209120199084281921e-02,5.364174395799636841e-02,3.936078026890754700e-02,-1.585743278264999390e-01,-1.567997783422470093e-02,8.184382691979408264e-03,-2.082075476646423340e-01,4.016591235995292664e-02,1.001539975404739380e-01,-6.198652461171150208e-02,-5.776815861463546753e-02,-3.821391612291336060e-02,2.204689979553222656e-01,8.722351491451263428e-02,-1.571644693613052368e-01,-7.801647484302520752e-02,1.530971843749284744e-02,-1.004530489444732666e-01,3.805271908640861511e-02,7.254555821418762207e-03,-1.032131835818290710e-01,-1.511776745319366455e-01,-2.844008207321166992e-01,1.300314962863922119e-01,4.301706254482269287e-01,4.546587541699409485e-02,-1.724015027284622192e-01,-8.316469378769397736e-03,-1.237906962633132935e-01,-4.495216161012649536e-02,4.716343805193901062e-02,1.019569188356399536e-01,-1.119172126054763794e-01,4.850192740559577942e-02,-1.115288734436035156e-01,5.968859046697616577e-02,1.252187639474868774e-01,5.139554850757122040e-03,-4.666450992226600647e-02,1.823263168334960938e-01,-5.246517807245254517e-02,6.816505454480648041e-03,-1.275626197457313538e-02,6.213651597499847412e-02,-1.210476905107498169e-01,-4.672255739569664001e-02,-1.076924279332160950e-01,-7.843275554478168488e-03,-1.470518298447132111e-03,-9.666623920202255249e-02,-9.665396809577941895e-02,1.089214980602264404e-01,-2.307159304618835449e-01,1.409409791231155396e-01,9.683105349540710449e-02,-9.481061995029449463e-02,-2.090439572930335999e-02,2.632027305662631989e-02,-5.305143445730209351e-02,-7.701262831687927246e-02,1.001752763986587524e-01,-2.744229733943939209e-01,1.388469934463500977e-01,2.098715454339981079e-01,9.584276378154754639e-02,2.298024892807006836e-01,2.470750175416469574e-02,3.863704577088356018e-02,-2.296238765120506287e-02,4.465625807642936707e-02,-1.126006096601486206e-01,-4.783697053790092468e-02,8.286338299512863159e-03,5.487882345914840698e-02,1.523094065487384796e-02,3.014917112886905670e-02
-1.538928896188735962e-01,8.211613446474075317e-02,9.265155345201492310e-02,-2.768855914473533630e-02,-6.023881025612354279e-03,-3.623829409480094910e-02,8.407287299633026123e-03,2.565947175025939941e-02,1.342886835336685181e-01,3.627158701419830322e-03,2.165171653032302856e-01,-5.266061797738075256e-02,-2.386642247438430786e-01,-5.424914881587028503e-02,4.769615083932876587e-02,6.709393858909606934e-02,-2.410557717084884644e-01,-4.664069414138793945e-02,-2.192720398306846619e-02,-1.338139772415161133e-01,4.769544303417205811e-02,2.282763086259365082e-02,3.289674967527389526e-02,3.438711166381835938e-02,-1.131888926029205322e-01,-3.758033812046051025e-01,-5.829586461186408997e-02,-1.276816278696060181e-01,8.708214014768600464e-02,-7.775129377841949463e-02,2.424687705934047699e-02,-5.848275963217020035e-03,-1.668308973312377930e-01,4.272414371371269226e-03,-3.251028805971145630e-02,1.636339537799358368e-02,3.821621835231781006e-02,-7.775569707155227661e-02,1.585747152566909790e-01,1.527978945523500443e-02,-9.138844907283782959e-02,-2.972298115491867065e-02,1.688337884843349457e-02,3.115975856781005859e-01,1.115660667419433594e-01,3.318702057003974915e-02,-1.834867522120475769e-02,4.816413670778274536e-02,4.286074265837669373e-02,-2.565199434757232666e-01,5.790428817272186279e-02,1.498792469501495361e-01,8.888775855302810669e-02,9.809104725718498230e-03,2.798646688461303711e-02,-1.794936507940292358e-01,-9.786766022443771362e-03,3.932620584964752197e-02,-1.927258074283599854e-01,6.311967223882675171e-02,4.361977800726890564e-02,-3.105156496167182922e-02,-3.333956748247146606e-02,-3.822928294539451599e-02,2.762274146080017090e-01,1.000814065337181091e-01,-1.693335026502609253e-01,-7.187064737081527710e-02,7.694929093122482300e-02,-9.159769862890243530e-02,4.576872289180755615e-02,2.065953053534030914e-02,-1.139440461993217468e-01,-1.581159532070159912e-01,-2.185351550579071045e-01,1.409717798233032227e-01,3.776684105396270752e-01,8.350816369056701660e-02,-1.806653290987014771e-01,1.380782946944236755e-02,-2.154166102409362793e-01,-8.025752380490303040e-03,2.837682142853736877e-02,5.112218484282493591e-02,-1.348118036985397339e-01,4.037384688854217529e-02,-1.347721964120864868e-01,4.624131321907043457e-02,1.118768006563186646e-01,-4.312863573431968689e-03,-5.075059086084365845e-02,2.143549174070358276e-01,1.327737607061862946e-02,9.319157339632511139e-03,1.239553466439247131e-02,-1.497993245720863342e-02,-1.035093143582344055e-01,-4.633812978863716125e-02,-1.060384586453437805e-01,-5.306893959641456604e-03,4.898906871676445007e-02,-1.528283506631851196e-01,-4.243519529700279236e-02,8.574217557907104492e-02,-2.617881298065185547e-01,1.259558498859405518e-01,9.102432429790496826e-02,-9.165662527084350586e-02,2.391755208373069763e-02,5.647138878703117371e-02,-1.241523772478103638e-01,-6.326808035373687744e-02,1.370584517717361450e-01,-3.098404407501220703e-01,1.524959355592727661e-01,2.156238406896591187e-01,1.364027559757232666e-01,2.330805212259292603e-01,3.275595605373382568e-02,4.870790988206863403e-02,-1.660131476819515228e-02,8.509896695613861084e-03,-6.597980856895446777e-02,-3.315284103155136108e-02,7.976586930453777313e-03,7.369766943156719208e-03,-3.275581635534763336e-03,4.707228392362594604e-02
-1.686477512121200562e-01,7.654857635498046875e-02,8.217395842075347900e-02,-2.511078119277954102e-02,-5.714960396289825439e-03,-3.335603326559066772e-02,2.165249548852443695e-02,2.408594638109207153e-02,1.849976927042007446e-01,9.746119379997253418e-03,1.883619278669357300e-01,-1.688328571617603302e-02,-2.282581776380538940e-01,-4.824998974800109863e-02,5.377511680126190186e-02,7.067162543535232544e-02,-2.327783107757568359e-01,-4.399505630135536194e-02,-4.885172471404075623e-02,-1.261941790580749512e-01,4.748025536537170410e-02,3.805514052510261536e-02,6.047005206346511841e-02,-3.164856694638729095e-03,-1.053783297538757324e-01,-3.843487203121185303e-01,-8.902918547391891479e-02,-1.434993445873260498e-01,1.084487289190292358e-01,-7.762823998928070068e-02,1.492077857255935669e-02,-3.017924167215824127e-02,-1.829517930746078491e-01,-2.329524978995323181e-02,-2.497266419231891632e-02,-6.637707352638244629e-03,-3.739473177120089531e-03,-8.563719689846038818e-02,1.676006764173507690e-01,2.972993254661560059e-02,-1.064053550362586975e-01,-4.638671875000000000e-02,2.070805430412292480e-02,3.027995228767395020e-01,9.113089740276336670e-02,4.929244890809059143e-02,-2.970498055219650269e-02,4.391433671116828918e-02,2.669632621109485626e-02,-2.414662241935729980e-01,8.753237873315811157e-02,1.497313529253005981e-01,9.615103900432586670e-02,2.874320000410079956e-02,7.077309489250183105e-02,-1.727352142333984375e-01,1.702728681266307831e-02,1.441783644258975983e-02,-1.994655281305313110e-01,5.606837198138237000e-02,5.715487152338027954e-02,-2.573023736476898193e-02,-5.614937841892242432e-02,-2.893210016191005707e-02,2.774400413036346436e-01,1.115528494119644165e-01,-1.452749222517013550e-01,-9.188392758369445801e-02,7.034564018249511719e-02,-7.754606008529663086e-02,5.964148789644241333e-02,2.047675289213657379e-02,-1.126336604356765747e-01,-1.577294617891311646e-01,-2.129727452993392944e-01,1.264132857322692871e-01,3.828690648078918457e-01,7.585695385932922363e-02,-1.646363735198974609e-01,2.223440445959568024e-02,-2.304896265268325806e-01,-3.114453703165054321e-02,1.041930075734853745e-02,4.672059416770935059e-02,-1.476593017578125000e-01,6.272421777248382568e-02,-1.215717941522598267e-01,3.877952694892883301e-02,9.177014231681823730e-02,-3.071509860455989838e-02,-4.516570642590522766e-02,2.052695155143737793e-01,1.011073775589466095e-02,-9.478550404310226440e-03,-5.333786830306053162e-04,-2.877115830779075623e-02,-1.164322420954704285e-01,-4.924170672893524170e-02,-8.848750591278076172e-02,-3.215520456433296204e-02,9.004642814397811890e-02,-1.502456814050674438e-01,-4.296836629509925842e-02,8.642973005771636963e-02,-2.718005478382110596e-01,1.247791498899459839e-01,1.048907041549682617e-01,-1.039307937026023865e-01,3.723961859941482544e-02,4.728027805685997009e-02,-1.366650462150573730e-01,-8.106362074613571167e-02,1.240911334753036499e-01,-3.103121817111968994e-01,1.826298683881759644e-01,2.126190513372421265e-01,9.915690869092941284e-02,2.253079414367675781e-01,1.843445003032684326e-02,5.916751921176910400e-02,-2.847019024193286896e-02,3.881018236279487610e-02,-7.066452503204345703e-02,-3.828969597816467285e-02,1.282729767262935638e-02,2.709879167377948761e-02,-2.028627321124076843e-02,5.495378375053405762e-02
-1.377559602260589600e-01,6.109737604856491089e-02,5.805769190192222595e-02,-2.932441420853137970e-02,5.864697508513927460e-03,-6.669618189334869385e-02,8.711488917469978333e-03,-3.350423648953437805e-02,1.765819787979125977e-01,-3.861024044454097748e-03,2.082470953464508057e-01,-5.123659968376159668e-03,-1.876674145460128784e-01,-5.223235860466957092e-02,4.275493696331977844e-02,3.737504407763481140e-02,-2.482459098100662231e-01,-7.647475600242614746e-02,-3.804836422204971313e-02,-1.345073282718658447e-01,4.597923159599304199e-02,7.293410599231719971e-04,5.687523633241653442e-02,1.955026574432849884e-02,-1.341838240623474121e-01,-3.611784279346466064e-01,-9.718160331249237061e-02,-1.325480341911315918e-01,1.257639974355697632e-01,-9.595391899347305298e-02,5.115344375371932983e-02,2.042894950136542320e-03,-2.191889435052871704e-01,-6.981385871767997742e-03,-8.388009853661060333e-03,1.784119755029678345e-03,1.347183994948863983e-02,-8.341913670301437378e-02,1.571194678544998169e-01,2.157719619572162628e-02,-1.060268506407737732e-01,-6.100884824991226196e-02,7.281618192791938782e-03,2.971775233745574951e-01,8.361251652240753174e-02,3.979275748133659363e-02,-4.032140597701072693e-03,1.496490277349948883e-02,3.209624812006950378e-02,-2.170244902372360229e-01,9.398870170116424561e-02,1.667828857898712158e-01,7.172129303216934204e-02,3.442952409386634827e-02,6.131422147154808044e-02,-1.710999161005020142e-01,2.127524651587009430e-02,2.004477567970752716e-02,-1.646080464124679565e-01,7.331008464097976685e-02,8.608770370483398438e-02,-8.903916925191879272e-03,-4.597364366054534912e-02,-4.001959413290023804e-02,2.607313990592956543e-01,9.597159177064895630e-02,-1.591130644083023071e-01,-1.006999835371971130e-01,3.011465258896350861e-02,-9.485395997762680054e-02,3.814533352851867676e-02,4.662644490599632263e-02,-9.523525834083557129e-02,-1.710776388645172119e-01,-2.083145678043365479e-01,1.048871129751205444e-01,3.972829878330230713e-01,8.728089928627014160e-02,-1.607431471347808838e-01,2.997718937695026398e-02,-2.357695549726486206e-01,-3.122592903673648834e-02,3.046113438904285431e-02,4.867456108331680298e-02,-1.448535025119781494e-01,9.769663959741592407e-02,-1.222976744174957275e-01,5.384926125407218933e-02,1.225220784544944763e-01,7.950179278850555420e-03,-5.861814320087432861e-02,2.042281627655029297e-01,-3.962444141507148743e-02,-1.067116856575012207e-02,-8.434388786554336548e-03,-9.941801428794860840e-03,-1.273826211690902710e-01,-2.645305171608924866e-02,-5.966256186366081238e-02,-4.046303778886795044e-02,8.336132019758224487e-02,-1.138942241668701172e-01,-5.259656906127929688e-02,8.529329299926757812e-02,-2.532124817371368408e-01,1.456945687532424927e-01,8.307436853647232056e-02,-7.044550031423568726e-02,3.440271317958831787e-02,4.313318431377410889e-02,-1.345179378986358643e-01,-7.820558547973632812e-02,1.053621470928192139e-01,-3.404767215251922607e-01,1.888155937194824219e-01,2.041392326354980469e-01,1.093398556113243103e-01,2.169176191091537476e-01,2.166087925434112549e-02,5.336806923151016235e-02,-2.867493033409118652e-02,1.872797496616840363e-02,-6.423455476760864258e-02,-3.281419724225997925e-02,-9.175520390272140503e-04,1.753959432244300842e-02,-7.597737014293670654e-03,9.609245695173740387e-03
